-- MySQL dump 10.13  Distrib 8.0.42, for Linux (x86_64)
--
-- Host: localhost    Database: java_review_db
-- ------------------------------------------------------
-- Server version	8.0.42-0ubuntu0.22.04.1

/*!40101 SET @OLD_CHARACTER_SET_CLIENT=@@CHARACTER_SET_CLIENT */;
/*!40101 SET @OLD_CHARACTER_SET_RESULTS=@@CHARACTER_SET_RESULTS */;
/*!40101 SET @OLD_COLLATION_CONNECTION=@@COLLATION_CONNECTION */;
/*!50503 SET NAMES utf8mb4 */;
/*!40103 SET @OLD_TIME_ZONE=@@TIME_ZONE */;
/*!40103 SET TIME_ZONE='+00:00' */;
/*!40014 SET @OLD_UNIQUE_CHECKS=@@UNIQUE_CHECKS, UNIQUE_CHECKS=0 */;
/*!40014 SET @OLD_FOREIGN_KEY_CHECKS=@@FOREIGN_KEY_CHECKS, FOREIGN_KEY_CHECKS=0 */;
/*!40101 SET @OLD_SQL_MODE=@@SQL_MODE, SQL_MODE='NO_AUTO_VALUE_ON_ZERO' */;
/*!40111 SET @OLD_SQL_NOTES=@@SQL_NOTES, SQL_NOTES=0 */;

--
-- Current Database: `java_review_db`
--

CREATE DATABASE /*!32312 IF NOT EXISTS*/ `java_review_db` /*!40100 DEFAULT CHARACTER SET utf8mb4 COLLATE utf8mb4_0900_ai_ci */ /*!80016 DEFAULT ENCRYPTION='N' */;

USE `java_review_db`;

--
-- Table structure for table `activity_log`
--

DROP TABLE IF EXISTS `activity_log`;
/*!40101 SET @saved_cs_client     = @@character_set_client */;
/*!50503 SET character_set_client = utf8mb4 */;
CREATE TABLE `activity_log` (
  `id` int NOT NULL AUTO_INCREMENT,
  `user_id` varchar(36) COLLATE utf8mb4_unicode_ci NOT NULL,
  `activity_type` varchar(50) COLLATE utf8mb4_unicode_ci NOT NULL,
  `points` int NOT NULL,
  `details_en` text COLLATE utf8mb4_unicode_ci,
  `details_zh` text COLLATE utf8mb4_unicode_ci,
  `metadata` json DEFAULT NULL,
  `related_entity_type` varchar(50) COLLATE utf8mb4_unicode_ci DEFAULT NULL,
  `related_entity_id` varchar(100) COLLATE utf8mb4_unicode_ci DEFAULT NULL,
  `created_at` timestamp NULL DEFAULT CURRENT_TIMESTAMP,
  PRIMARY KEY (`id`),
  KEY `idx_user_activity` (`user_id`,`created_at` DESC),
  KEY `idx_activity_type` (`activity_type`,`created_at` DESC),
  KEY `idx_points` (`points` DESC),
  KEY `idx_related_entity` (`related_entity_type`,`related_entity_id`),
  CONSTRAINT `activity_log_ibfk_1` FOREIGN KEY (`user_id`) REFERENCES `users` (`uid`) ON DELETE CASCADE
) ENGINE=InnoDB AUTO_INCREMENT=110 DEFAULT CHARSET=utf8mb4 COLLATE=utf8mb4_unicode_ci;
/*!40101 SET character_set_client = @saved_cs_client */;

--
-- Dumping data for table `activity_log`
--

LOCK TABLES `activity_log` WRITE;
/*!40000 ALTER TABLE `activity_log` DISABLE KEYS */;
INSERT INTO `activity_log` VALUES (1,'b23e9340-4929-462e-9ee4-b6585f1e171b','review_completion',45,'Review completed: 100.0% accuracy','Review completed: 100.0% accuracy',NULL,NULL,NULL,'2025-06-19 06:23:04'),(2,'b23e9340-4929-462e-9ee4-b6585f1e171b','badge_earned',10,'Earned badge: 首次評審','Earned badge: 首次評審',NULL,NULL,NULL,'2025-06-19 06:23:04'),(3,'b23e9340-4929-462e-9ee4-b6585f1e171b','badge_earned',100,'Earned badge: 百分俱樂部','Earned badge: 百分俱樂部',NULL,NULL,NULL,'2025-06-19 06:23:04'),(4,'b23e9340-4929-462e-9ee4-b6585f1e171b','review_completion',10,'Review completed: 0.0% accuracy','Review completed: 0.0% accuracy',NULL,NULL,NULL,'2025-06-19 06:23:04'),(5,'b23e9340-4929-462e-9ee4-b6585f1e171b','review_completion',45,'Review completed: 100.0% accuracy','Review completed: 100.0% accuracy',NULL,NULL,NULL,'2025-06-20 02:44:37'),(6,'b23e9340-4929-462e-9ee4-b6585f1e171b','review_completion',10,'Review completed: 0.0% accuracy','Review completed: 0.0% accuracy',NULL,NULL,NULL,'2025-06-20 02:44:37'),(7,'b23e9340-4929-462e-9ee4-b6585f1e171b','review_completion',45,'Review completed: 100.0% accuracy','Review completed: 100.0% accuracy',NULL,NULL,NULL,'2025-06-20 07:42:57'),(8,'b23e9340-4929-462e-9ee4-b6585f1e171b','badge_earned',25,'Earned badge: Reviewer Novice','Earned badge: Reviewer Novice',NULL,NULL,NULL,'2025-06-20 07:42:57'),(9,'b23e9340-4929-462e-9ee4-b6585f1e171b','review_completion',45,'Review completed: 100.0% accuracy','Review completed: 100.0% accuracy',NULL,NULL,NULL,'2025-06-21 17:07:09'),(10,'b23e9340-4929-462e-9ee4-b6585f1e171b','review_completion',10,'Review completed: 0.0% accuracy','Review completed: 0.0% accuracy',NULL,NULL,NULL,'2025-06-21 17:07:09'),(11,'b23e9340-4929-462e-9ee4-b6585f1e171b','review_completion',55,'Review completed: 100.0% accuracy','Review completed: 100.0% accuracy',NULL,NULL,NULL,'2025-06-21 17:08:16'),(12,'b23e9340-4929-462e-9ee4-b6585f1e171b','badge_earned',75,'Earned badge: 獵蟲者','Earned badge: 獵蟲者',NULL,NULL,NULL,'2025-06-21 17:08:16'),(13,'b23e9340-4929-462e-9ee4-b6585f1e171b','badge_earned',100,'Earned badge: 速度惡魔','Earned badge: 速度惡魔',NULL,NULL,NULL,'2025-06-21 17:08:16'),(14,'b23e9340-4929-462e-9ee4-b6585f1e171b','review_completion',55,'Review completed: 100.0% accuracy','Review completed: 100.0% accuracy',NULL,NULL,NULL,'2025-06-24 07:23:54'),(15,'b23e9340-4929-462e-9ee4-b6585f1e171b','badge_earned',100,'Earned badge: Rising Star','Earned badge: Rising Star',NULL,NULL,NULL,'2025-06-24 07:23:54'),(16,'00367b29-82f3-46ab-91a4-09984f21a688','review_completion',45,'Review completed: 100.0% accuracy','Review completed: 100.0% accuracy',NULL,NULL,NULL,'2025-07-04 02:22:38'),(17,'00367b29-82f3-46ab-91a4-09984f21a688','badge_earned',10,'Earned badge: First Review','Earned badge: First Review',NULL,NULL,NULL,'2025-07-04 02:22:38'),(18,'00367b29-82f3-46ab-91a4-09984f21a688','badge_earned',100,'Earned badge: Century Club','Earned badge: Century Club',NULL,NULL,NULL,'2025-07-04 02:22:38'),(19,'00367b29-82f3-46ab-91a4-09984f21a688','review_completion',10,'Review completed: 0.0% accuracy','Review completed: 0.0% accuracy',NULL,NULL,NULL,'2025-07-04 02:22:38'),(20,'00367b29-82f3-46ab-91a4-09984f21a688','review_completion',45,'Review completed: 100.0% accuracy','Review completed: 100.0% accuracy',NULL,NULL,NULL,'2025-07-04 02:33:38'),(21,'4d9c1c86-b02a-4ac9-9982-de5d289fb35e','review_completion',45,'Review completed: 100.0% accuracy','Review completed: 100.0% accuracy',NULL,NULL,NULL,'2025-08-04 13:06:30'),(22,'4d9c1c86-b02a-4ac9-9982-de5d289fb35e','badge_earned',10,'Earned badge: First Review','Earned badge: First Review',NULL,NULL,NULL,'2025-08-04 13:06:30'),(23,'4d9c1c86-b02a-4ac9-9982-de5d289fb35e','badge_earned',100,'Earned badge: Century Club','Earned badge: Century Club',NULL,NULL,NULL,'2025-08-04 13:06:30'),(24,'4d9c1c86-b02a-4ac9-9982-de5d289fb35e','review_completion',10,'Review completed: 0.0% accuracy','Review completed: 0.0% accuracy',NULL,NULL,NULL,'2025-08-04 13:06:30'),(25,'4d9c1c86-b02a-4ac9-9982-de5d289fb35e','review_completion',45,'Review completed: 100.0% accuracy','Review completed: 100.0% accuracy',NULL,NULL,NULL,'2025-08-04 13:07:47'),(26,'4d9c1c86-b02a-4ac9-9982-de5d289fb35e','review_completion',10,'Review completed: 0.0% accuracy','Review completed: 0.0% accuracy',NULL,NULL,NULL,'2025-08-04 13:07:47'),(27,'8b422c25-d491-44b4-8342-2eeee465362c','review_completion',45,'Review completed: 100.0% accuracy','Review completed: 100.0% accuracy',NULL,NULL,NULL,'2025-08-07 01:32:24'),(28,'8b422c25-d491-44b4-8342-2eeee465362c','badge_earned',10,'Earned badge: First Review','Earned badge: First Review',NULL,NULL,NULL,'2025-08-07 01:32:24'),(29,'8b422c25-d491-44b4-8342-2eeee465362c','badge_earned',100,'Earned badge: Century Club','Earned badge: Century Club',NULL,NULL,NULL,'2025-08-07 01:32:24'),(30,'8b422c25-d491-44b4-8342-2eeee465362c','review_completion',10,'Review completed: 0.0% accuracy','Review completed: 0.0% accuracy',NULL,NULL,NULL,'2025-08-07 01:32:24'),(31,'5132a67a-400b-4c7e-aebf-4a2ac84ea775','review_completion',45,'Review completed: 100.0% accuracy','Review completed: 100.0% accuracy',NULL,NULL,NULL,'2025-08-07 02:18:41'),(32,'5132a67a-400b-4c7e-aebf-4a2ac84ea775','badge_earned',10,'Earned badge: First Review','Earned badge: First Review',NULL,NULL,NULL,'2025-08-07 02:18:41'),(33,'5132a67a-400b-4c7e-aebf-4a2ac84ea775','badge_earned',100,'Earned badge: Century Club','Earned badge: Century Club',NULL,NULL,NULL,'2025-08-07 02:18:41'),(34,'5132a67a-400b-4c7e-aebf-4a2ac84ea775','review_completion',10,'Review completed: 0.0% accuracy','Review completed: 0.0% accuracy',NULL,NULL,NULL,'2025-08-07 02:18:41'),(35,'67ae3a5a-4420-4528-9a2c-88fb6fb92824','review_completion',45,'Review completed: 100.0% accuracy','Review completed: 100.0% accuracy',NULL,NULL,NULL,'2025-08-08 01:28:25'),(36,'67ae3a5a-4420-4528-9a2c-88fb6fb92824','badge_earned',10,'Earned badge: First Review','Earned badge: First Review',NULL,NULL,NULL,'2025-08-08 01:28:25'),(37,'67ae3a5a-4420-4528-9a2c-88fb6fb92824','badge_earned',100,'Earned badge: Century Club','Earned badge: Century Club',NULL,NULL,NULL,'2025-08-08 01:28:25'),(38,'67ae3a5a-4420-4528-9a2c-88fb6fb92824','review_completion',10,'Review completed: 0.0% accuracy','Review completed: 0.0% accuracy',NULL,NULL,NULL,'2025-08-08 01:28:25'),(39,'b4be301a-18d3-48c9-9e76-15dac33bce5d','review_completion',45,'Review completed: 100.0% accuracy','Review completed: 100.0% accuracy',NULL,NULL,NULL,'2025-08-10 15:19:38'),(40,'b4be301a-18d3-48c9-9e76-15dac33bce5d','badge_earned',10,'Earned badge: First Review','Earned badge: First Review',NULL,NULL,NULL,'2025-08-10 15:19:38'),(41,'b4be301a-18d3-48c9-9e76-15dac33bce5d','badge_earned',100,'Earned badge: Century Club','Earned badge: Century Club',NULL,NULL,NULL,'2025-08-10 15:19:38'),(42,'b4be301a-18d3-48c9-9e76-15dac33bce5d','review_completion',10,'Review completed: 0.0% accuracy','Review completed: 0.0% accuracy',NULL,NULL,NULL,'2025-08-10 15:19:38'),(43,'b4be301a-18d3-48c9-9e76-15dac33bce5d','review_completion',45,'Review completed: 100.0% accuracy','Review completed: 100.0% accuracy',NULL,NULL,NULL,'2025-08-10 15:20:26'),(44,'b4be301a-18d3-48c9-9e76-15dac33bce5d','review_completion',10,'Review completed: 0.0% accuracy','Review completed: 0.0% accuracy',NULL,NULL,NULL,'2025-08-10 15:20:26'),(45,'b4be301a-18d3-48c9-9e76-15dac33bce5d','review_completion',45,'Review completed: 100.0% accuracy','Review completed: 100.0% accuracy',NULL,NULL,NULL,'2025-08-10 15:21:38'),(46,'b4be301a-18d3-48c9-9e76-15dac33bce5d','badge_earned',25,'Earned badge: Reviewer Novice','Earned badge: Reviewer Novice',NULL,NULL,NULL,'2025-08-10 15:21:38'),(47,'b4be301a-18d3-48c9-9e76-15dac33bce5d','review_completion',10,'Review completed: 0.0% accuracy','Review completed: 0.0% accuracy',NULL,NULL,NULL,'2025-08-10 15:21:38'),(48,'b4be301a-18d3-48c9-9e76-15dac33bce5d','review_completion',45,'Review completed: 100.0% accuracy','Review completed: 100.0% accuracy',NULL,NULL,NULL,'2025-08-10 15:22:31'),(49,'b4be301a-18d3-48c9-9e76-15dac33bce5d','review_completion',10,'Review completed: 0.0% accuracy','Review completed: 0.0% accuracy',NULL,NULL,NULL,'2025-08-10 15:22:31'),(50,'b4be301a-18d3-48c9-9e76-15dac33bce5d','review_completion',55,'Review completed: 100.0% accuracy','Review completed: 100.0% accuracy',NULL,NULL,NULL,'2025-08-10 15:23:52'),(51,'b4be301a-18d3-48c9-9e76-15dac33bce5d','badge_earned',75,'Earned badge: Bug Hunter','Earned badge: Bug Hunter',NULL,NULL,NULL,'2025-08-10 15:23:52'),(52,'b4be301a-18d3-48c9-9e76-15dac33bce5d','badge_earned',100,'Earned badge: Speed Demon','Earned badge: Speed Demon',NULL,NULL,NULL,'2025-08-10 15:23:52'),(53,'b4be301a-18d3-48c9-9e76-15dac33bce5d','review_completion',55,'Review completed: 100.0% accuracy','Review completed: 100.0% accuracy',NULL,NULL,NULL,'2025-08-10 15:25:11'),(54,'b4be301a-18d3-48c9-9e76-15dac33bce5d','badge_earned',100,'Earned badge: Rising Star','Earned badge: Rising Star',NULL,NULL,NULL,'2025-08-10 15:25:11'),(55,'b4be301a-18d3-48c9-9e76-15dac33bce5d','review_completion',45,'Review completed: 100.0% accuracy','Review completed: 100.0% accuracy',NULL,NULL,NULL,'2025-08-11 02:06:00'),(56,'b4be301a-18d3-48c9-9e76-15dac33bce5d','review_completion',10,'Review completed: 0.0% accuracy','Review completed: 0.0% accuracy',NULL,NULL,NULL,'2025-08-11 02:06:00'),(57,'ed99293a-2d5f-4599-9871-090f79533c53','review_completion',45,'Review completed: 100.0% accuracy','Review completed: 100.0% accuracy',NULL,NULL,NULL,'2025-08-17 14:48:18'),(58,'ed99293a-2d5f-4599-9871-090f79533c53','badge_earned',10,'Earned badge: 首次評審','Earned badge: 首次評審',NULL,NULL,NULL,'2025-08-17 14:48:18'),(59,'ed99293a-2d5f-4599-9871-090f79533c53','badge_earned',100,'Earned badge: 百分俱樂部','Earned badge: 百分俱樂部',NULL,NULL,NULL,'2025-08-17 14:48:18'),(60,'ed99293a-2d5f-4599-9871-090f79533c53','review_completion',10,'Review completed: 0.0% accuracy','Review completed: 0.0% accuracy',NULL,NULL,NULL,'2025-08-17 14:48:18'),(61,'7ccae358-2ec8-47bd-b634-2b74ba0ed238','review_completion',45,'Review completed: 100.0% accuracy','Review completed: 100.0% accuracy',NULL,NULL,NULL,'2025-08-19 02:03:23'),(62,'7ccae358-2ec8-47bd-b634-2b74ba0ed238','badge_earned',10,'Earned badge: 首次評審','Earned badge: 首次評審',NULL,NULL,NULL,'2025-08-19 02:03:23'),(63,'7ccae358-2ec8-47bd-b634-2b74ba0ed238','badge_earned',100,'Earned badge: 百分俱樂部','Earned badge: 百分俱樂部',NULL,NULL,NULL,'2025-08-19 02:03:23'),(64,'7ccae358-2ec8-47bd-b634-2b74ba0ed238','review_completion',10,'Review completed: 0.0% accuracy','Review completed: 0.0% accuracy',NULL,NULL,NULL,'2025-08-19 02:03:24'),(65,'7ccae358-2ec8-47bd-b634-2b74ba0ed238','review_completion',45,'Review completed: 100.0% accuracy','Review completed: 100.0% accuracy',NULL,NULL,NULL,'2025-08-19 02:07:23'),(66,'7ccae358-2ec8-47bd-b634-2b74ba0ed238','review_completion',10,'Review completed: 0.0% accuracy','Review completed: 0.0% accuracy',NULL,NULL,NULL,'2025-08-19 02:07:23'),(67,'a1ef04a3-ca9f-4ce0-a9ae-5320105baaeb','review_completion',45,'Review completed: 100.0% accuracy','Review completed: 100.0% accuracy',NULL,NULL,NULL,'2025-08-19 02:51:03'),(68,'a1ef04a3-ca9f-4ce0-a9ae-5320105baaeb','badge_earned',10,'Earned badge: 首次評審','Earned badge: 首次評審',NULL,NULL,NULL,'2025-08-19 02:51:03'),(69,'a1ef04a3-ca9f-4ce0-a9ae-5320105baaeb','badge_earned',100,'Earned badge: 百分俱樂部','Earned badge: 百分俱樂部',NULL,NULL,NULL,'2025-08-19 02:51:03'),(70,'a1ef04a3-ca9f-4ce0-a9ae-5320105baaeb','review_completion',10,'Review completed: 0.0% accuracy','Review completed: 0.0% accuracy',NULL,NULL,NULL,'2025-08-19 02:51:03'),(71,'7ccae358-2ec8-47bd-b634-2b74ba0ed238','review_completion',45,'Review completed: 100.0% accuracy','Review completed: 100.0% accuracy',NULL,NULL,NULL,'2025-08-19 02:55:58'),(72,'7ccae358-2ec8-47bd-b634-2b74ba0ed238','badge_earned',25,'Earned badge: 評審新手','Earned badge: 評審新手',NULL,NULL,NULL,'2025-08-19 02:55:58'),(73,'7ccae358-2ec8-47bd-b634-2b74ba0ed238','review_completion',10,'Review completed: 0.0% accuracy','Review completed: 0.0% accuracy',NULL,NULL,NULL,'2025-08-19 02:55:59'),(74,'a1ef04a3-ca9f-4ce0-a9ae-5320105baaeb','review_completion',45,'Review completed: 100.0% accuracy','Review completed: 100.0% accuracy',NULL,NULL,NULL,'2025-08-19 02:58:56'),(75,'a1ef04a3-ca9f-4ce0-a9ae-5320105baaeb','review_completion',10,'Review completed: 0.0% accuracy','Review completed: 0.0% accuracy',NULL,NULL,NULL,'2025-08-19 02:58:56'),(76,'7ccae358-2ec8-47bd-b634-2b74ba0ed238','review_completion',45,'Review completed: 100.0% accuracy','Review completed: 100.0% accuracy',NULL,NULL,NULL,'2025-08-19 03:01:14'),(77,'7ccae358-2ec8-47bd-b634-2b74ba0ed238','review_completion',10,'Review completed: 0.0% accuracy','Review completed: 0.0% accuracy',NULL,NULL,NULL,'2025-08-19 03:01:14'),(78,'45d03d68-52e0-4d83-b65b-cd2850a45959','review_completion',45,'Review completed: 100.0% accuracy','Review completed: 100.0% accuracy',NULL,NULL,NULL,'2025-08-22 08:11:11'),(79,'45d03d68-52e0-4d83-b65b-cd2850a45959','badge_earned',10,'Earned badge: First Review','Earned badge: First Review',NULL,NULL,NULL,'2025-08-22 08:11:11'),(80,'45d03d68-52e0-4d83-b65b-cd2850a45959','badge_earned',100,'Earned badge: Century Club','Earned badge: Century Club',NULL,NULL,NULL,'2025-08-22 08:11:11'),(81,'45d03d68-52e0-4d83-b65b-cd2850a45959','review_completion',10,'Review completed: 0.0% accuracy','Review completed: 0.0% accuracy',NULL,NULL,NULL,'2025-08-22 08:11:11'),(82,'45d03d68-52e0-4d83-b65b-cd2850a45959','review_completion',45,'Review completed: 100.0% accuracy','Review completed: 100.0% accuracy',NULL,NULL,NULL,'2025-08-22 08:24:01'),(83,'b23e9340-4929-462e-9ee4-b6585f1e171b','review_completion',45,'Review completed: 100.0% accuracy','Review completed: 100.0% accuracy',NULL,NULL,NULL,'2025-09-30 06:45:49'),(84,'b23e9340-4929-462e-9ee4-b6585f1e171b','review_completion',10,'Review completed: 0.0% accuracy','Review completed: 0.0% accuracy',NULL,NULL,NULL,'2025-09-30 06:45:50'),(85,'b23e9340-4929-462e-9ee4-b6585f1e171b','review_completion',55,'Review completed: 100.0% accuracy','Review completed: 100.0% accuracy',NULL,NULL,NULL,'2025-09-30 06:51:55'),(86,'b23e9340-4929-462e-9ee4-b6585f1e171b','review_completion',45,'Review completed: 100.0% accuracy','Review completed: 100.0% accuracy',NULL,NULL,NULL,'2025-09-30 06:52:56'),(87,'b23e9340-4929-462e-9ee4-b6585f1e171b','review_completion',10,'Review completed: 0.0% accuracy','Review completed: 0.0% accuracy',NULL,NULL,NULL,'2025-09-30 06:52:56'),(88,'b23e9340-4929-462e-9ee4-b6585f1e171b','review_completion',45,'Review completed: 100.0% accuracy','Review completed: 100.0% accuracy',NULL,NULL,NULL,'2025-09-30 07:10:15'),(89,'b23e9340-4929-462e-9ee4-b6585f1e171b','review_completion',10,'Review completed: 0.0% accuracy','Review completed: 0.0% accuracy',NULL,NULL,NULL,'2025-09-30 07:10:15'),(90,'b23e9340-4929-462e-9ee4-b6585f1e171b','review_completion',45,'Review completed: 100.0% accuracy','Review completed: 100.0% accuracy',NULL,NULL,NULL,'2025-09-30 07:12:18'),(91,'b23e9340-4929-462e-9ee4-b6585f1e171b','review_completion',10,'Review completed: 0.0% accuracy','Review completed: 0.0% accuracy',NULL,NULL,NULL,'2025-09-30 07:12:18'),(92,'b23e9340-4929-462e-9ee4-b6585f1e171b','review_completion',45,'Review completed: 100.0% accuracy','Review completed: 100.0% accuracy',NULL,NULL,NULL,'2025-09-30 07:19:05'),(93,'b23e9340-4929-462e-9ee4-b6585f1e171b','review_completion',10,'Review completed: 0.0% accuracy','Review completed: 0.0% accuracy',NULL,NULL,NULL,'2025-09-30 07:19:05'),(94,'b23e9340-4929-462e-9ee4-b6585f1e171b','review_completion',45,'Review completed: 100.0% accuracy','Review completed: 100.0% accuracy',NULL,NULL,NULL,'2025-09-30 07:54:06'),(95,'b23e9340-4929-462e-9ee4-b6585f1e171b','review_completion',10,'Review completed: 0.0% accuracy','Review completed: 0.0% accuracy',NULL,NULL,NULL,'2025-09-30 07:54:06'),(96,'b23e9340-4929-462e-9ee4-b6585f1e171b','review_completion',45,'Review completed: 100.0% accuracy','Review completed: 100.0% accuracy',NULL,NULL,NULL,'2025-09-30 07:56:22'),(97,'b23e9340-4929-462e-9ee4-b6585f1e171b','review_completion',10,'Review completed: 0.0% accuracy','Review completed: 0.0% accuracy',NULL,NULL,NULL,'2025-09-30 07:56:22'),(98,'b23e9340-4929-462e-9ee4-b6585f1e171b','review_completion',45,'Review completed: 100.0% accuracy','Review completed: 100.0% accuracy',NULL,NULL,NULL,'2025-09-30 08:10:22'),(99,'b23e9340-4929-462e-9ee4-b6585f1e171b','badge_earned',100,'Earned badge: 評審能手','Earned badge: 評審能手',NULL,NULL,NULL,'2025-09-30 08:10:22'),(100,'b23e9340-4929-462e-9ee4-b6585f1e171b','review_completion',10,'Review completed: 0.0% accuracy','Review completed: 0.0% accuracy',NULL,NULL,NULL,'2025-09-30 08:10:22'),(101,'b23e9340-4929-462e-9ee4-b6585f1e171b','review_completion',45,'Review completed: 100.0% accuracy','Review completed: 100.0% accuracy',NULL,NULL,NULL,'2025-09-30 08:20:22'),(102,'b23e9340-4929-462e-9ee4-b6585f1e171b','review_completion',10,'Review completed: 0.0% accuracy','Review completed: 0.0% accuracy',NULL,NULL,NULL,'2025-09-30 08:20:22'),(103,'b23e9340-4929-462e-9ee4-b6585f1e171b','review_completion',45,'Review completed: 100.0% accuracy','Review completed: 100.0% accuracy',NULL,NULL,NULL,'2025-09-30 08:43:23'),(104,'b23e9340-4929-462e-9ee4-b6585f1e171b','review_completion',10,'Review completed: 0.0% accuracy','Review completed: 0.0% accuracy',NULL,NULL,NULL,'2025-09-30 08:43:23'),(105,'b23e9340-4929-462e-9ee4-b6585f1e171b','review_completion',45,'Review completed: 100.0% accuracy','Review completed: 100.0% accuracy',NULL,NULL,NULL,'2025-09-30 14:03:45'),(106,'b23e9340-4929-462e-9ee4-b6585f1e171b','review_completion',10,'Review completed: 0.0% accuracy','Review completed: 0.0% accuracy',NULL,NULL,NULL,'2025-09-30 14:03:45'),(107,'b23e9340-4929-462e-9ee4-b6585f1e171b','review_completion',45,'Review completed: 100.0% accuracy','Review completed: 100.0% accuracy',NULL,NULL,NULL,'2025-09-30 14:10:44'),(108,'b23e9340-4929-462e-9ee4-b6585f1e171b','review_completion',45,'Review completed: 100.0% accuracy','Review completed: 100.0% accuracy',NULL,NULL,NULL,'2025-10-03 07:52:28'),(109,'b23e9340-4929-462e-9ee4-b6585f1e171b','review_completion',10,'Review completed: 0.0% accuracy','Review completed: 0.0% accuracy',NULL,NULL,NULL,'2025-10-03 07:52:28');
/*!40000 ALTER TABLE `activity_log` ENABLE KEYS */;
UNLOCK TABLES;

--
-- Table structure for table `badge_progress`
--

DROP TABLE IF EXISTS `badge_progress`;
/*!40101 SET @saved_cs_client     = @@character_set_client */;
/*!50503 SET character_set_client = utf8mb4 */;
CREATE TABLE `badge_progress` (
  `id` int NOT NULL AUTO_INCREMENT,
  `user_id` varchar(36) COLLATE utf8mb4_unicode_ci NOT NULL,
  `badge_id` varchar(50) COLLATE utf8mb4_unicode_ci NOT NULL,
  `current_progress` int DEFAULT '0',
  `target_progress` int DEFAULT '0',
  `progress_data` json DEFAULT NULL,
  `last_updated` timestamp NULL DEFAULT CURRENT_TIMESTAMP ON UPDATE CURRENT_TIMESTAMP,
  `created_at` timestamp NULL DEFAULT CURRENT_TIMESTAMP,
  PRIMARY KEY (`id`),
  UNIQUE KEY `unique_user_badge_progress` (`user_id`,`badge_id`),
  KEY `badge_id` (`badge_id`),
  KEY `idx_progress_tracking` (`user_id`,`current_progress`,`target_progress`),
  CONSTRAINT `badge_progress_ibfk_1` FOREIGN KEY (`user_id`) REFERENCES `users` (`uid`) ON DELETE CASCADE,
  CONSTRAINT `badge_progress_ibfk_2` FOREIGN KEY (`badge_id`) REFERENCES `badges` (`badge_id`) ON DELETE CASCADE
) ENGINE=InnoDB AUTO_INCREMENT=635 DEFAULT CHARSET=utf8mb4 COLLATE=utf8mb4_unicode_ci;
/*!40101 SET character_set_client = @saved_cs_client */;

--
-- Dumping data for table `badge_progress`
--

LOCK TABLES `badge_progress` WRITE;
/*!40000 ALTER TABLE `badge_progress` DISABLE KEYS */;
INSERT INTO `badge_progress` VALUES (1,'b23e9340-4929-462e-9ee4-b6585f1e171b','bug-hunter',5,5,'{\"accuracy\": 100.0, \"review_type\": \"practice\", \"last_increment\": 1, \"last_review_date\": \"2025-10-03T15:52:28.432237\"}','2025-10-03 07:52:28','2025-06-19 06:23:04'),(2,'b23e9340-4929-462e-9ee4-b6585f1e171b','explorer',10,10,'{\"accuracy\": 0, \"review_type\": \"practice\", \"last_increment\": 1, \"last_review_date\": \"2025-10-03T15:52:28.491472\"}','2025-10-03 07:52:28','2025-06-19 06:23:04'),(3,'b23e9340-4929-462e-9ee4-b6585f1e171b','first-review',1,1,'{\"accuracy\": 0, \"review_type\": \"practice\", \"last_increment\": 1, \"last_review_date\": \"2025-10-03T15:52:28.494252\"}','2025-10-03 07:52:28','2025-06-19 06:23:04'),(4,'b23e9340-4929-462e-9ee4-b6585f1e171b','perfectionist',3,3,'{\"accuracy\": 100.0, \"review_type\": \"practice\", \"last_increment\": 1, \"last_review_date\": \"2025-10-03T15:52:28.442104\"}','2025-10-03 07:52:28','2025-06-19 06:23:04'),(5,'b23e9340-4929-462e-9ee4-b6585f1e171b','practice-enthusiast',10,10,'{\"accuracy\": 0, \"review_type\": \"practice\", \"last_increment\": 1, \"last_review_date\": \"2025-10-03T15:52:28.502343\"}','2025-10-03 07:52:28','2025-06-19 06:23:04'),(6,'b23e9340-4929-462e-9ee4-b6585f1e171b','reviewer-adept',25,25,'{\"accuracy\": 0, \"review_type\": \"practice\", \"last_increment\": 1, \"last_review_date\": \"2025-10-03T15:52:28.505713\"}','2025-10-03 07:52:28','2025-06-19 06:23:04'),(7,'b23e9340-4929-462e-9ee4-b6585f1e171b','reviewer-legend',35,100,'{\"accuracy\": 0, \"review_type\": \"practice\", \"last_increment\": 1, \"last_review_date\": \"2025-10-03T15:52:28.510748\"}','2025-10-03 07:52:28','2025-06-19 06:23:04'),(8,'b23e9340-4929-462e-9ee4-b6585f1e171b','reviewer-master',35,50,'{\"accuracy\": 0, \"review_type\": \"practice\", \"last_increment\": 1, \"last_review_date\": \"2025-10-03T15:52:28.513635\"}','2025-10-03 07:52:28','2025-06-19 06:23:04'),(9,'b23e9340-4929-462e-9ee4-b6585f1e171b','reviewer-novice',5,5,'{\"accuracy\": 0, \"review_type\": \"practice\", \"last_increment\": 1, \"last_review_date\": \"2025-10-03T15:52:28.521756\"}','2025-10-03 07:52:28','2025-06-19 06:23:04'),(63,'b23e9340-4929-462e-9ee4-b6585f1e171b','speed-demon',1,1,'{\"accuracy\": 100.0, \"review_type\": \"regular\", \"last_increment\": 1, \"last_review_date\": \"2025-09-30T14:51:55.989380\"}','2025-09-30 06:51:55','2025-06-21 17:08:16'),(71,'b23e9340-4929-462e-9ee4-b6585f1e171b','rising-star',1,1,'{\"accuracy\": 100.0, \"review_type\": \"regular\", \"last_increment\": 1, \"last_review_date\": \"2025-06-24T15:23:54.302576\"}','2025-06-24 07:23:54','2025-06-24 07:23:54'),(73,'00367b29-82f3-46ab-91a4-09984f21a688','bug-hunter',2,5,'{\"accuracy\": 100.0, \"review_type\": \"regular\", \"last_increment\": 1, \"last_review_date\": \"2025-07-04T10:33:38.721965\"}','2025-07-04 02:33:38','2025-07-04 02:22:38'),(74,'00367b29-82f3-46ab-91a4-09984f21a688','explorer',2,10,'{\"accuracy\": 0, \"review_type\": \"practice\", \"last_increment\": 1, \"last_review_date\": \"2025-07-04T10:22:38.558822\"}','2025-07-04 02:22:38','2025-07-04 02:22:38'),(75,'00367b29-82f3-46ab-91a4-09984f21a688','first-review',1,1,'{\"accuracy\": 100.0, \"review_type\": \"regular\", \"last_increment\": 1, \"last_review_date\": \"2025-07-04T10:33:38.726156\"}','2025-07-04 02:33:38','2025-07-04 02:22:38'),(76,'00367b29-82f3-46ab-91a4-09984f21a688','perfectionist',2,3,'{\"accuracy\": 100.0, \"review_type\": \"regular\", \"last_increment\": 1, \"last_review_date\": \"2025-07-04T10:33:38.731429\"}','2025-07-04 02:33:38','2025-07-04 02:22:38'),(77,'00367b29-82f3-46ab-91a4-09984f21a688','practice-enthusiast',2,10,'{\"accuracy\": 0, \"review_type\": \"practice\", \"last_increment\": 1, \"last_review_date\": \"2025-07-04T10:22:38.568827\"}','2025-07-04 02:22:38','2025-07-04 02:22:38'),(78,'00367b29-82f3-46ab-91a4-09984f21a688','reviewer-adept',3,25,'{\"accuracy\": 100.0, \"review_type\": \"regular\", \"last_increment\": 1, \"last_review_date\": \"2025-07-04T10:33:38.735815\"}','2025-07-04 02:33:38','2025-07-04 02:22:38'),(79,'00367b29-82f3-46ab-91a4-09984f21a688','reviewer-legend',3,100,'{\"accuracy\": 100.0, \"review_type\": \"regular\", \"last_increment\": 1, \"last_review_date\": \"2025-07-04T10:33:38.738937\"}','2025-07-04 02:33:38','2025-07-04 02:22:38'),(80,'00367b29-82f3-46ab-91a4-09984f21a688','reviewer-master',3,50,'{\"accuracy\": 100.0, \"review_type\": \"regular\", \"last_increment\": 1, \"last_review_date\": \"2025-07-04T10:33:38.741716\"}','2025-07-04 02:33:38','2025-07-04 02:22:38'),(81,'00367b29-82f3-46ab-91a4-09984f21a688','reviewer-novice',3,5,'{\"accuracy\": 100.0, \"review_type\": \"regular\", \"last_increment\": 1, \"last_review_date\": \"2025-07-04T10:33:38.744929\"}','2025-07-04 02:33:38','2025-07-04 02:22:38'),(96,'4d9c1c86-b02a-4ac9-9982-de5d289fb35e','bug-hunter',2,5,'{\"accuracy\": 100.0, \"review_type\": \"practice\", \"last_increment\": 1, \"last_review_date\": \"2025-08-04T21:07:47.888584\"}','2025-08-04 13:07:47','2025-08-04 13:06:30'),(97,'4d9c1c86-b02a-4ac9-9982-de5d289fb35e','explorer',4,10,'{\"accuracy\": 0, \"review_type\": \"practice\", \"last_increment\": 1, \"last_review_date\": \"2025-08-04T21:07:47.968347\"}','2025-08-04 13:07:47','2025-08-04 13:06:30'),(98,'4d9c1c86-b02a-4ac9-9982-de5d289fb35e','first-review',1,1,'{\"accuracy\": 0, \"review_type\": \"practice\", \"last_increment\": 1, \"last_review_date\": \"2025-08-04T21:07:47.971790\"}','2025-08-04 13:07:47','2025-08-04 13:06:30'),(99,'4d9c1c86-b02a-4ac9-9982-de5d289fb35e','perfectionist',2,3,'{\"accuracy\": 100.0, \"review_type\": \"practice\", \"last_increment\": 1, \"last_review_date\": \"2025-08-04T21:07:47.903368\"}','2025-08-04 13:07:47','2025-08-04 13:06:30'),(100,'4d9c1c86-b02a-4ac9-9982-de5d289fb35e','practice-enthusiast',4,10,'{\"accuracy\": 0, \"review_type\": \"practice\", \"last_increment\": 1, \"last_review_date\": \"2025-08-04T21:07:47.977849\"}','2025-08-04 13:07:47','2025-08-04 13:06:30'),(101,'4d9c1c86-b02a-4ac9-9982-de5d289fb35e','reviewer-adept',4,25,'{\"accuracy\": 0, \"review_type\": \"practice\", \"last_increment\": 1, \"last_review_date\": \"2025-08-04T21:07:47.982510\"}','2025-08-04 13:07:47','2025-08-04 13:06:30'),(102,'4d9c1c86-b02a-4ac9-9982-de5d289fb35e','reviewer-legend',4,100,'{\"accuracy\": 0, \"review_type\": \"practice\", \"last_increment\": 1, \"last_review_date\": \"2025-08-04T21:07:47.985428\"}','2025-08-04 13:07:47','2025-08-04 13:06:30'),(103,'4d9c1c86-b02a-4ac9-9982-de5d289fb35e','reviewer-master',4,50,'{\"accuracy\": 0, \"review_type\": \"practice\", \"last_increment\": 1, \"last_review_date\": \"2025-08-04T21:07:47.988341\"}','2025-08-04 13:07:47','2025-08-04 13:06:30'),(104,'4d9c1c86-b02a-4ac9-9982-de5d289fb35e','reviewer-novice',4,5,'{\"accuracy\": 0, \"review_type\": \"practice\", \"last_increment\": 1, \"last_review_date\": \"2025-08-04T21:07:47.991667\"}','2025-08-04 13:07:47','2025-08-04 13:06:30'),(128,'8b422c25-d491-44b4-8342-2eeee465362c','bug-hunter',1,5,'{\"accuracy\": 100.0, \"review_type\": \"practice\", \"last_increment\": 1, \"last_review_date\": \"2025-08-07T09:32:24.191130\"}','2025-08-07 01:32:24','2025-08-07 01:32:24'),(129,'8b422c25-d491-44b4-8342-2eeee465362c','explorer',2,10,'{\"accuracy\": 0, \"review_type\": \"practice\", \"last_increment\": 1, \"last_review_date\": \"2025-08-07T09:32:24.281196\"}','2025-08-07 01:32:24','2025-08-07 01:32:24'),(130,'8b422c25-d491-44b4-8342-2eeee465362c','first-review',1,1,'{\"accuracy\": 0, \"review_type\": \"practice\", \"last_increment\": 1, \"last_review_date\": \"2025-08-07T09:32:24.284014\"}','2025-08-07 01:32:24','2025-08-07 01:32:24'),(131,'8b422c25-d491-44b4-8342-2eeee465362c','perfectionist',1,3,'{\"accuracy\": 100.0, \"review_type\": \"practice\", \"last_increment\": 1, \"last_review_date\": \"2025-08-07T09:32:24.203618\"}','2025-08-07 01:32:24','2025-08-07 01:32:24'),(132,'8b422c25-d491-44b4-8342-2eeee465362c','practice-enthusiast',2,10,'{\"accuracy\": 0, \"review_type\": \"practice\", \"last_increment\": 1, \"last_review_date\": \"2025-08-07T09:32:24.290355\"}','2025-08-07 01:32:24','2025-08-07 01:32:24'),(133,'8b422c25-d491-44b4-8342-2eeee465362c','reviewer-adept',2,25,'{\"accuracy\": 0, \"review_type\": \"practice\", \"last_increment\": 1, \"last_review_date\": \"2025-08-07T09:32:24.293566\"}','2025-08-07 01:32:24','2025-08-07 01:32:24'),(134,'8b422c25-d491-44b4-8342-2eeee465362c','reviewer-legend',2,100,'{\"accuracy\": 0, \"review_type\": \"practice\", \"last_increment\": 1, \"last_review_date\": \"2025-08-07T09:32:24.296559\"}','2025-08-07 01:32:24','2025-08-07 01:32:24'),(135,'8b422c25-d491-44b4-8342-2eeee465362c','reviewer-master',2,50,'{\"accuracy\": 0, \"review_type\": \"practice\", \"last_increment\": 1, \"last_review_date\": \"2025-08-07T09:32:24.299972\"}','2025-08-07 01:32:24','2025-08-07 01:32:24'),(136,'8b422c25-d491-44b4-8342-2eeee465362c','reviewer-novice',2,5,'{\"accuracy\": 0, \"review_type\": \"practice\", \"last_increment\": 1, \"last_review_date\": \"2025-08-07T09:32:24.302653\"}','2025-08-07 01:32:24','2025-08-07 01:32:24'),(144,'5132a67a-400b-4c7e-aebf-4a2ac84ea775','bug-hunter',1,5,'{\"accuracy\": 100.0, \"review_type\": \"practice\", \"last_increment\": 1, \"last_review_date\": \"2025-08-07T10:18:41.457937\"}','2025-08-07 02:18:41','2025-08-07 02:18:41'),(145,'5132a67a-400b-4c7e-aebf-4a2ac84ea775','explorer',2,10,'{\"accuracy\": 0, \"review_type\": \"practice\", \"last_increment\": 1, \"last_review_date\": \"2025-08-07T10:18:41.540798\"}','2025-08-07 02:18:41','2025-08-07 02:18:41'),(146,'5132a67a-400b-4c7e-aebf-4a2ac84ea775','first-review',1,1,'{\"accuracy\": 0, \"review_type\": \"practice\", \"last_increment\": 1, \"last_review_date\": \"2025-08-07T10:18:41.543850\"}','2025-08-07 02:18:41','2025-08-07 02:18:41'),(147,'5132a67a-400b-4c7e-aebf-4a2ac84ea775','perfectionist',1,3,'{\"accuracy\": 100.0, \"review_type\": \"practice\", \"last_increment\": 1, \"last_review_date\": \"2025-08-07T10:18:41.469060\"}','2025-08-07 02:18:41','2025-08-07 02:18:41'),(148,'5132a67a-400b-4c7e-aebf-4a2ac84ea775','practice-enthusiast',2,10,'{\"accuracy\": 0, \"review_type\": \"practice\", \"last_increment\": 1, \"last_review_date\": \"2025-08-07T10:18:41.549511\"}','2025-08-07 02:18:41','2025-08-07 02:18:41'),(149,'5132a67a-400b-4c7e-aebf-4a2ac84ea775','reviewer-adept',2,25,'{\"accuracy\": 0, \"review_type\": \"practice\", \"last_increment\": 1, \"last_review_date\": \"2025-08-07T10:18:41.553145\"}','2025-08-07 02:18:41','2025-08-07 02:18:41'),(150,'5132a67a-400b-4c7e-aebf-4a2ac84ea775','reviewer-legend',2,100,'{\"accuracy\": 0, \"review_type\": \"practice\", \"last_increment\": 1, \"last_review_date\": \"2025-08-07T10:18:41.555841\"}','2025-08-07 02:18:41','2025-08-07 02:18:41'),(151,'5132a67a-400b-4c7e-aebf-4a2ac84ea775','reviewer-master',2,50,'{\"accuracy\": 0, \"review_type\": \"practice\", \"last_increment\": 1, \"last_review_date\": \"2025-08-07T10:18:41.559487\"}','2025-08-07 02:18:41','2025-08-07 02:18:41'),(152,'5132a67a-400b-4c7e-aebf-4a2ac84ea775','reviewer-novice',2,5,'{\"accuracy\": 0, \"review_type\": \"practice\", \"last_increment\": 1, \"last_review_date\": \"2025-08-07T10:18:41.562810\"}','2025-08-07 02:18:41','2025-08-07 02:18:41'),(160,'67ae3a5a-4420-4528-9a2c-88fb6fb92824','bug-hunter',1,5,'{\"accuracy\": 100.0, \"review_type\": \"practice\", \"last_increment\": 1, \"last_review_date\": \"2025-08-08T09:28:25.830387\"}','2025-08-08 01:28:25','2025-08-08 01:28:25'),(161,'67ae3a5a-4420-4528-9a2c-88fb6fb92824','explorer',2,10,'{\"accuracy\": 0, \"review_type\": \"practice\", \"last_increment\": 1, \"last_review_date\": \"2025-08-08T09:28:25.883352\"}','2025-08-08 01:28:25','2025-08-08 01:28:25'),(162,'67ae3a5a-4420-4528-9a2c-88fb6fb92824','first-review',1,1,'{\"accuracy\": 0, \"review_type\": \"practice\", \"last_increment\": 1, \"last_review_date\": \"2025-08-08T09:28:25.885459\"}','2025-08-08 01:28:25','2025-08-08 01:28:25'),(163,'67ae3a5a-4420-4528-9a2c-88fb6fb92824','perfectionist',1,3,'{\"accuracy\": 100.0, \"review_type\": \"practice\", \"last_increment\": 1, \"last_review_date\": \"2025-08-08T09:28:25.837369\"}','2025-08-08 01:28:25','2025-08-08 01:28:25'),(164,'67ae3a5a-4420-4528-9a2c-88fb6fb92824','practice-enthusiast',2,10,'{\"accuracy\": 0, \"review_type\": \"practice\", \"last_increment\": 1, \"last_review_date\": \"2025-08-08T09:28:25.889246\"}','2025-08-08 01:28:25','2025-08-08 01:28:25'),(165,'67ae3a5a-4420-4528-9a2c-88fb6fb92824','reviewer-adept',2,25,'{\"accuracy\": 0, \"review_type\": \"practice\", \"last_increment\": 1, \"last_review_date\": \"2025-08-08T09:28:25.891605\"}','2025-08-08 01:28:25','2025-08-08 01:28:25'),(166,'67ae3a5a-4420-4528-9a2c-88fb6fb92824','reviewer-legend',2,100,'{\"accuracy\": 0, \"review_type\": \"practice\", \"last_increment\": 1, \"last_review_date\": \"2025-08-08T09:28:25.893905\"}','2025-08-08 01:28:25','2025-08-08 01:28:25'),(167,'67ae3a5a-4420-4528-9a2c-88fb6fb92824','reviewer-master',2,50,'{\"accuracy\": 0, \"review_type\": \"practice\", \"last_increment\": 1, \"last_review_date\": \"2025-08-08T09:28:25.895930\"}','2025-08-08 01:28:25','2025-08-08 01:28:25'),(168,'67ae3a5a-4420-4528-9a2c-88fb6fb92824','reviewer-novice',2,5,'{\"accuracy\": 0, \"review_type\": \"practice\", \"last_increment\": 1, \"last_review_date\": \"2025-08-08T09:28:25.897761\"}','2025-08-08 01:28:25','2025-08-08 01:28:25'),(176,'b4be301a-18d3-48c9-9e76-15dac33bce5d','bug-hunter',5,5,'{\"accuracy\": 100.0, \"review_type\": \"practice\", \"last_increment\": 1, \"last_review_date\": \"2025-08-11T10:06:00.689876\"}','2025-08-11 02:06:00','2025-08-10 15:19:38'),(177,'b4be301a-18d3-48c9-9e76-15dac33bce5d','explorer',10,10,'{\"accuracy\": 0, \"review_type\": \"practice\", \"last_increment\": 1, \"last_review_date\": \"2025-08-11T10:06:00.755063\"}','2025-08-11 02:06:00','2025-08-10 15:19:38'),(178,'b4be301a-18d3-48c9-9e76-15dac33bce5d','first-review',1,1,'{\"accuracy\": 0, \"review_type\": \"practice\", \"last_increment\": 1, \"last_review_date\": \"2025-08-11T10:06:00.757349\"}','2025-08-11 02:06:00','2025-08-10 15:19:38'),(179,'b4be301a-18d3-48c9-9e76-15dac33bce5d','perfectionist',3,3,'{\"accuracy\": 100.0, \"review_type\": \"practice\", \"last_increment\": 1, \"last_review_date\": \"2025-08-11T10:06:00.702260\"}','2025-08-11 02:06:00','2025-08-10 15:19:38'),(180,'b4be301a-18d3-48c9-9e76-15dac33bce5d','practice-enthusiast',10,10,'{\"accuracy\": 0, \"review_type\": \"practice\", \"last_increment\": 1, \"last_review_date\": \"2025-08-11T10:06:00.763085\"}','2025-08-11 02:06:00','2025-08-10 15:19:38'),(181,'b4be301a-18d3-48c9-9e76-15dac33bce5d','reviewer-adept',12,25,'{\"accuracy\": 0, \"review_type\": \"practice\", \"last_increment\": 1, \"last_review_date\": \"2025-08-11T10:06:00.766065\"}','2025-08-11 02:06:00','2025-08-10 15:19:38'),(182,'b4be301a-18d3-48c9-9e76-15dac33bce5d','reviewer-legend',12,100,'{\"accuracy\": 0, \"review_type\": \"practice\", \"last_increment\": 1, \"last_review_date\": \"2025-08-11T10:06:00.768267\"}','2025-08-11 02:06:00','2025-08-10 15:19:38'),(183,'b4be301a-18d3-48c9-9e76-15dac33bce5d','reviewer-master',12,50,'{\"accuracy\": 0, \"review_type\": \"practice\", \"last_increment\": 1, \"last_review_date\": \"2025-08-11T10:06:00.770950\"}','2025-08-11 02:06:00','2025-08-10 15:19:38'),(184,'b4be301a-18d3-48c9-9e76-15dac33bce5d','reviewer-novice',5,5,'{\"accuracy\": 0, \"review_type\": \"practice\", \"last_increment\": 1, \"last_review_date\": \"2025-08-11T10:06:00.773082\"}','2025-08-11 02:06:00','2025-08-10 15:19:38'),(247,'b4be301a-18d3-48c9-9e76-15dac33bce5d','speed-demon',1,1,'{\"accuracy\": 100.0, \"review_type\": \"regular\", \"last_increment\": 1, \"last_review_date\": \"2025-08-10T23:25:11.149602\"}','2025-08-10 15:25:11','2025-08-10 15:23:52'),(255,'b4be301a-18d3-48c9-9e76-15dac33bce5d','rising-star',1,1,'{\"accuracy\": 0, \"review_type\": \"practice\", \"last_increment\": 1, \"last_review_date\": \"2025-08-11T10:06:00.776560\"}','2025-08-11 02:06:00','2025-08-10 15:25:11'),(275,'ed99293a-2d5f-4599-9871-090f79533c53','bug-hunter',1,5,'{\"accuracy\": 100.0, \"review_type\": \"practice\", \"last_increment\": 1, \"last_review_date\": \"2025-08-17T22:48:18.710230\"}','2025-08-17 14:48:18','2025-08-17 14:48:18'),(276,'ed99293a-2d5f-4599-9871-090f79533c53','explorer',2,10,'{\"accuracy\": 0, \"review_type\": \"practice\", \"last_increment\": 1, \"last_review_date\": \"2025-08-17T22:48:18.786287\"}','2025-08-17 14:48:18','2025-08-17 14:48:18'),(277,'ed99293a-2d5f-4599-9871-090f79533c53','first-review',1,1,'{\"accuracy\": 0, \"review_type\": \"practice\", \"last_increment\": 1, \"last_review_date\": \"2025-08-17T22:48:18.788786\"}','2025-08-17 14:48:18','2025-08-17 14:48:18'),(278,'ed99293a-2d5f-4599-9871-090f79533c53','perfectionist',1,3,'{\"accuracy\": 100.0, \"review_type\": \"practice\", \"last_increment\": 1, \"last_review_date\": \"2025-08-17T22:48:18.720483\"}','2025-08-17 14:48:18','2025-08-17 14:48:18'),(279,'ed99293a-2d5f-4599-9871-090f79533c53','practice-enthusiast',2,10,'{\"accuracy\": 0, \"review_type\": \"practice\", \"last_increment\": 1, \"last_review_date\": \"2025-08-17T22:48:18.795024\"}','2025-08-17 14:48:18','2025-08-17 14:48:18'),(280,'ed99293a-2d5f-4599-9871-090f79533c53','reviewer-adept',2,25,'{\"accuracy\": 0, \"review_type\": \"practice\", \"last_increment\": 1, \"last_review_date\": \"2025-08-17T22:48:18.798210\"}','2025-08-17 14:48:18','2025-08-17 14:48:18'),(281,'ed99293a-2d5f-4599-9871-090f79533c53','reviewer-legend',2,100,'{\"accuracy\": 0, \"review_type\": \"practice\", \"last_increment\": 1, \"last_review_date\": \"2025-08-17T22:48:18.800699\"}','2025-08-17 14:48:18','2025-08-17 14:48:18'),(282,'ed99293a-2d5f-4599-9871-090f79533c53','reviewer-master',2,50,'{\"accuracy\": 0, \"review_type\": \"practice\", \"last_increment\": 1, \"last_review_date\": \"2025-08-17T22:48:18.803175\"}','2025-08-17 14:48:18','2025-08-17 14:48:18'),(283,'ed99293a-2d5f-4599-9871-090f79533c53','reviewer-novice',2,5,'{\"accuracy\": 0, \"review_type\": \"practice\", \"last_increment\": 1, \"last_review_date\": \"2025-08-17T22:48:18.805920\"}','2025-08-17 14:48:18','2025-08-17 14:48:18'),(291,'7ccae358-2ec8-47bd-b634-2b74ba0ed238','bug-hunter',4,5,'{\"accuracy\": 100.0, \"review_type\": \"practice\", \"last_increment\": 1, \"last_review_date\": \"2025-08-19T11:01:14.127009\"}','2025-08-19 03:01:14','2025-08-19 02:03:23'),(292,'7ccae358-2ec8-47bd-b634-2b74ba0ed238','explorer',8,10,'{\"accuracy\": 0, \"review_type\": \"practice\", \"last_increment\": 1, \"last_review_date\": \"2025-08-19T11:01:14.194223\"}','2025-08-19 03:01:14','2025-08-19 02:03:23'),(293,'7ccae358-2ec8-47bd-b634-2b74ba0ed238','first-review',1,1,'{\"accuracy\": 0, \"review_type\": \"practice\", \"last_increment\": 1, \"last_review_date\": \"2025-08-19T11:01:14.196709\"}','2025-08-19 03:01:14','2025-08-19 02:03:23'),(294,'7ccae358-2ec8-47bd-b634-2b74ba0ed238','perfectionist',3,3,'{\"accuracy\": 100.0, \"review_type\": \"practice\", \"last_increment\": 1, \"last_review_date\": \"2025-08-19T11:01:14.140432\"}','2025-08-19 03:01:14','2025-08-19 02:03:23'),(295,'7ccae358-2ec8-47bd-b634-2b74ba0ed238','practice-enthusiast',8,10,'{\"accuracy\": 0, \"review_type\": \"practice\", \"last_increment\": 1, \"last_review_date\": \"2025-08-19T11:01:14.202262\"}','2025-08-19 03:01:14','2025-08-19 02:03:23'),(296,'7ccae358-2ec8-47bd-b634-2b74ba0ed238','reviewer-adept',8,25,'{\"accuracy\": 0, \"review_type\": \"practice\", \"last_increment\": 1, \"last_review_date\": \"2025-08-19T11:01:14.205660\"}','2025-08-19 03:01:14','2025-08-19 02:03:23'),(297,'7ccae358-2ec8-47bd-b634-2b74ba0ed238','reviewer-legend',8,100,'{\"accuracy\": 0, \"review_type\": \"practice\", \"last_increment\": 1, \"last_review_date\": \"2025-08-19T11:01:14.208114\"}','2025-08-19 03:01:14','2025-08-19 02:03:23'),(298,'7ccae358-2ec8-47bd-b634-2b74ba0ed238','reviewer-master',8,50,'{\"accuracy\": 0, \"review_type\": \"practice\", \"last_increment\": 1, \"last_review_date\": \"2025-08-19T11:01:14.210871\"}','2025-08-19 03:01:14','2025-08-19 02:03:23'),(299,'7ccae358-2ec8-47bd-b634-2b74ba0ed238','reviewer-novice',5,5,'{\"accuracy\": 0, \"review_type\": \"practice\", \"last_increment\": 1, \"last_review_date\": \"2025-08-19T11:01:14.213844\"}','2025-08-19 03:01:14','2025-08-19 02:03:23'),(323,'a1ef04a3-ca9f-4ce0-a9ae-5320105baaeb','bug-hunter',2,5,'{\"accuracy\": 100.0, \"review_type\": \"practice\", \"last_increment\": 1, \"last_review_date\": \"2025-08-19T10:58:56.288008\"}','2025-08-19 02:58:56','2025-08-19 02:51:03'),(324,'a1ef04a3-ca9f-4ce0-a9ae-5320105baaeb','explorer',4,10,'{\"accuracy\": 0, \"review_type\": \"practice\", \"last_increment\": 1, \"last_review_date\": \"2025-08-19T10:58:56.357364\"}','2025-08-19 02:58:56','2025-08-19 02:51:03'),(325,'a1ef04a3-ca9f-4ce0-a9ae-5320105baaeb','first-review',1,1,'{\"accuracy\": 0, \"review_type\": \"practice\", \"last_increment\": 1, \"last_review_date\": \"2025-08-19T10:58:56.360271\"}','2025-08-19 02:58:56','2025-08-19 02:51:03'),(326,'a1ef04a3-ca9f-4ce0-a9ae-5320105baaeb','perfectionist',2,3,'{\"accuracy\": 100.0, \"review_type\": \"practice\", \"last_increment\": 1, \"last_review_date\": \"2025-08-19T10:58:56.305312\"}','2025-08-19 02:58:56','2025-08-19 02:51:03'),(327,'a1ef04a3-ca9f-4ce0-a9ae-5320105baaeb','practice-enthusiast',4,10,'{\"accuracy\": 0, \"review_type\": \"practice\", \"last_increment\": 1, \"last_review_date\": \"2025-08-19T10:58:56.366070\"}','2025-08-19 02:58:56','2025-08-19 02:51:03'),(328,'a1ef04a3-ca9f-4ce0-a9ae-5320105baaeb','reviewer-adept',4,25,'{\"accuracy\": 0, \"review_type\": \"practice\", \"last_increment\": 1, \"last_review_date\": \"2025-08-19T10:58:56.369728\"}','2025-08-19 02:58:56','2025-08-19 02:51:03'),(329,'a1ef04a3-ca9f-4ce0-a9ae-5320105baaeb','reviewer-legend',4,100,'{\"accuracy\": 0, \"review_type\": \"practice\", \"last_increment\": 1, \"last_review_date\": \"2025-08-19T10:58:56.372745\"}','2025-08-19 02:58:56','2025-08-19 02:51:03'),(330,'a1ef04a3-ca9f-4ce0-a9ae-5320105baaeb','reviewer-master',4,50,'{\"accuracy\": 0, \"review_type\": \"practice\", \"last_increment\": 1, \"last_review_date\": \"2025-08-19T10:58:56.375978\"}','2025-08-19 02:58:56','2025-08-19 02:51:03'),(331,'a1ef04a3-ca9f-4ce0-a9ae-5320105baaeb','reviewer-novice',4,5,'{\"accuracy\": 0, \"review_type\": \"practice\", \"last_increment\": 1, \"last_review_date\": \"2025-08-19T10:58:56.378670\"}','2025-08-19 02:58:56','2025-08-19 02:51:03'),(387,'45d03d68-52e0-4d83-b65b-cd2850a45959','bug-hunter',2,5,'{\"accuracy\": 100.0, \"review_type\": \"regular\", \"last_increment\": 1, \"last_review_date\": \"2025-08-22T16:24:01.216917\"}','2025-08-22 08:24:01','2025-08-22 08:11:11'),(388,'45d03d68-52e0-4d83-b65b-cd2850a45959','explorer',2,10,'{\"accuracy\": 0, \"review_type\": \"practice\", \"last_increment\": 1, \"last_review_date\": \"2025-08-22T16:11:11.716700\"}','2025-08-22 08:11:11','2025-08-22 08:11:11'),(389,'45d03d68-52e0-4d83-b65b-cd2850a45959','first-review',1,1,'{\"accuracy\": 100.0, \"review_type\": \"regular\", \"last_increment\": 1, \"last_review_date\": \"2025-08-22T16:24:01.220910\"}','2025-08-22 08:24:01','2025-08-22 08:11:11'),(390,'45d03d68-52e0-4d83-b65b-cd2850a45959','perfectionist',2,3,'{\"accuracy\": 100.0, \"review_type\": \"regular\", \"last_increment\": 1, \"last_review_date\": \"2025-08-22T16:24:01.228670\"}','2025-08-22 08:24:01','2025-08-22 08:11:11'),(391,'45d03d68-52e0-4d83-b65b-cd2850a45959','practice-enthusiast',2,10,'{\"accuracy\": 0, \"review_type\": \"practice\", \"last_increment\": 1, \"last_review_date\": \"2025-08-22T16:11:11.725295\"}','2025-08-22 08:11:11','2025-08-22 08:11:11'),(392,'45d03d68-52e0-4d83-b65b-cd2850a45959','reviewer-adept',3,25,'{\"accuracy\": 100.0, \"review_type\": \"regular\", \"last_increment\": 1, \"last_review_date\": \"2025-08-22T16:24:01.234010\"}','2025-08-22 08:24:01','2025-08-22 08:11:11'),(393,'45d03d68-52e0-4d83-b65b-cd2850a45959','reviewer-legend',3,100,'{\"accuracy\": 100.0, \"review_type\": \"regular\", \"last_increment\": 1, \"last_review_date\": \"2025-08-22T16:24:01.236029\"}','2025-08-22 08:24:01','2025-08-22 08:11:11'),(394,'45d03d68-52e0-4d83-b65b-cd2850a45959','reviewer-master',3,50,'{\"accuracy\": 100.0, \"review_type\": \"regular\", \"last_increment\": 1, \"last_review_date\": \"2025-08-22T16:24:01.238101\"}','2025-08-22 08:24:01','2025-08-22 08:11:11'),(395,'45d03d68-52e0-4d83-b65b-cd2850a45959','reviewer-novice',3,5,'{\"accuracy\": 100.0, \"review_type\": \"regular\", \"last_increment\": 1, \"last_review_date\": \"2025-08-22T16:24:01.240406\"}','2025-08-22 08:24:01','2025-08-22 08:11:11'),(477,'b23e9340-4929-462e-9ee4-b6585f1e171b','point-collector',1,1,'{\"accuracy\": 0, \"review_type\": \"practice\", \"last_increment\": 1, \"last_review_date\": \"2025-10-03T15:52:28.499603\"}','2025-10-03 07:52:28','2025-09-30 07:12:18');
/*!40000 ALTER TABLE `badge_progress` ENABLE KEYS */;
UNLOCK TABLES;

--
-- Table structure for table `badges`
--

DROP TABLE IF EXISTS `badges`;
/*!40101 SET @saved_cs_client     = @@character_set_client */;
/*!50503 SET character_set_client = utf8mb4 */;
CREATE TABLE `badges` (
  `badge_id` varchar(50) COLLATE utf8mb4_unicode_ci NOT NULL,
  `name_en` varchar(100) COLLATE utf8mb4_unicode_ci NOT NULL,
  `name_zh` varchar(100) COLLATE utf8mb4_unicode_ci NOT NULL,
  `description_en` text COLLATE utf8mb4_unicode_ci NOT NULL,
  `description_zh` text COLLATE utf8mb4_unicode_ci NOT NULL,
  `icon` varchar(50) COLLATE utf8mb4_unicode_ci DEFAULT 0xF09F8F85,
  `category` enum('achievement','progress','skill','consistency','special') COLLATE utf8mb4_unicode_ci DEFAULT 'achievement',
  `difficulty` enum('easy','medium','hard','legendary') COLLATE utf8mb4_unicode_ci DEFAULT 'medium',
  `points` int DEFAULT '10',
  `rarity` enum('common','uncommon','rare','epic','legendary') COLLATE utf8mb4_unicode_ci DEFAULT 'common',
  `prerequisite_badges` json DEFAULT NULL,
  `criteria` json NOT NULL,
  `is_active` tinyint(1) DEFAULT '1',
  `created_at` timestamp NULL DEFAULT CURRENT_TIMESTAMP,
  `updated_at` timestamp NULL DEFAULT CURRENT_TIMESTAMP ON UPDATE CURRENT_TIMESTAMP,
  PRIMARY KEY (`badge_id`),
  KEY `idx_category` (`category`),
  KEY `idx_difficulty` (`difficulty`),
  KEY `idx_rarity` (`rarity`),
  KEY `idx_active` (`is_active`)
) ENGINE=InnoDB DEFAULT CHARSET=utf8mb4 COLLATE=utf8mb4_unicode_ci;
/*!40101 SET character_set_client = @saved_cs_client */;

--
-- Dumping data for table `badges`
--

LOCK TABLES `badges` WRITE;
/*!40000 ALTER TABLE `badges` DISABLE KEYS */;
INSERT INTO `badges` VALUES ('analytical-mind','Analytical Mind','分析思維','Identify errors across all 5 categories in a single session','在單次會話中識別所有5個類別的錯誤','🧠','skill','medium',80,'uncommon',NULL,'{\"type\": \"category_coverage\", \"threshold\": 5, \"description\": \"Identify errors from all categories\"}',1,'2025-06-19 06:21:46','2025-06-19 06:21:46'),('beta-tester','Beta Tester','Beta測試者','Participate in the beta testing phase','參與Beta測試階段','🧪','special','medium',200,'rare',NULL,'{\"type\": \"special_event\", \"event\": \"beta_testing\", \"description\": \"Early system user\"}',1,'2025-06-19 06:21:46','2025-06-19 06:21:46'),('bug-hunter','Bug Hunter','獵蟲者','Find all errors in 5 different reviews','在5次不同評審中找到所有錯誤','🔍','skill','medium',75,'uncommon',NULL,'{\"type\": \"perfect_reviews\", \"threshold\": 5, \"description\": \"Achieve 100% accuracy in 5 reviews\"}',1,'2025-06-19 06:21:46','2025-06-19 06:21:46'),('century-club','Century Club','百分俱樂部','Achieve 100% accuracy in any review','在任何評審中達到100%準確率','💯','achievement','medium',100,'uncommon',NULL,'{\"type\": \"perfect_score\", \"threshold\": 100, \"description\": \"Perfect accuracy achievement\"}',1,'2025-06-19 06:21:46','2025-06-19 06:21:46'),('community-helper','Community Helper','社群助手','Help other users in the community','在社群中幫助其他使用者','🤝','special','medium',100,'uncommon',NULL,'{\"type\": \"community_action\", \"actions\": 5, \"description\": \"Support fellow learners\"}',1,'2025-06-19 06:21:46','2025-06-19 06:21:46'),('consistency-champ','Consistency Champion','一致性冠軍','Practice for 5 consecutive days','連續練習5天','📅','consistency','easy',50,'common',NULL,'{\"type\": \"consecutive_days\", \"threshold\": 5, \"description\": \"5 day practice streak\"}',1,'2025-06-19 06:21:46','2025-06-19 06:21:46'),('early-bird','Early Bird','早起鳥','Complete 5 reviews before 9 AM','在上午9點前完成5次評審','🐦','consistency','medium',40,'uncommon',NULL,'{\"type\": \"time_based\", \"description\": \"Morning practice sessions\", \"review_count\": 5, \"hour_threshold\": 9}',1,'2025-06-19 06:21:46','2025-06-19 06:21:46'),('efficiency-expert','Efficiency Expert','效率專家','Maintain 90%+ accuracy with average review time under 5 minutes','保持90%以上準確率且平均評審時間少於5分鐘','⚡','skill','hard',120,'rare','[\"bug-hunter\", \"perfectionist\"]','{\"type\": \"efficiency\", \"accuracy\": 90, \"avg_time\": 300, \"description\": \"Speed and accuracy combined\", \"min_reviews\": 10}',1,'2025-06-19 06:21:46','2025-06-19 06:21:46'),('explorer','Explorer','探索者','Use the Error Explorer feature 10 times','使用錯誤探索功能10次','🗺️','achievement','easy',30,'common',NULL,'{\"type\": \"feature_usage\", \"feature\": \"error_explorer\", \"threshold\": 10, \"description\": \"Explore error library\"}',1,'2025-06-19 06:21:46','2025-06-19 06:21:46'),('feedback-provider','Feedback Provider','反饋提供者','Provide detailed feedback about the system','提供關於系統的詳細反饋','💬','special','easy',75,'uncommon',NULL,'{\"type\": \"feedback_submission\", \"min_length\": 100, \"description\": \"Helpful system feedback\"}',1,'2025-06-19 06:21:46','2025-06-19 06:21:46'),('first-review','First Review','首次評審','Complete your first code review','完成你的第一次程式碼評審','🎯','achievement','easy',10,'common',NULL,'{\"type\": \"review_count\", \"threshold\": 1, \"description\": \"Complete 1 code review\"}',1,'2025-06-19 06:21:46','2025-06-19 06:21:46'),('full-spectrum','Full Spectrum','全光譜','Identify at least one error in each category','在每個類別中至少識別一個錯誤','🌈','skill','medium',100,'uncommon','[\"logic-guru\", \"syntax-specialist\", \"quality-inspector\", \"standards-expert\", \"java-maven\"]','{\"type\": \"all_categories\", \"description\": \"Touch all error categories\", \"min_per_category\": 1}',1,'2025-06-19 06:21:46','2025-06-19 06:21:46'),('java-maven','Java Maven','Java專家','Master Java-specific errors with 85%+ accuracy','以85%以上準確率掌握Java特定錯誤','☕','skill','hard',80,'rare',NULL,'{\"type\": \"category_mastery\", \"accuracy\": 85, \"category\": \"Java Specific\", \"min_encounters\": 10}',1,'2025-06-19 06:21:46','2025-06-19 06:21:46'),('knowledge-seeker','Knowledge Seeker','知識探求者','View detailed information for 25 different errors','查看25個不同錯誤的詳細資訊','📚','achievement','medium',50,'uncommon',NULL,'{\"type\": \"error_views\", \"threshold\": 25, \"description\": \"Study error details\"}',1,'2025-06-19 06:21:46','2025-06-19 06:21:46'),('logic-guru','Logic Guru','邏輯大師','Master logical errors with 85%+ accuracy','以85%以上準確率掌握邏輯錯誤','🧮','skill','medium',60,'uncommon',NULL,'{\"type\": \"category_mastery\", \"accuracy\": 85, \"category\": \"Logical\", \"min_encounters\": 10}',1,'2025-06-19 06:21:46','2025-06-19 06:21:46'),('marathon-runner','Marathon Runner','馬拉松跑者','Spend more than 60 minutes in a single session','在單次會話中花費超過60分鐘','🏃','achievement','medium',80,'uncommon',NULL,'{\"type\": \"session_duration\", \"minutes\": 60, \"description\": \"Extended learning session\"}',1,'2025-06-19 06:21:46','2025-06-19 06:21:46'),('month-master','Month Master','月度大師','Practice for 30 consecutive days','連續練習30天','🗓️','consistency','hard',200,'rare',NULL,'{\"type\": \"consecutive_days\", \"threshold\": 30, \"description\": \"30 day practice streak\"}',1,'2025-06-19 06:21:46','2025-06-19 06:21:46'),('night-owl','Night Owl','夜貓子','Complete 5 reviews after 10 PM','在晚上10點後完成5次評審','🦉','consistency','medium',40,'uncommon',NULL,'{\"type\": \"time_based\", \"description\": \"Evening practice sessions\", \"review_count\": 5, \"hour_threshold\": 22}',1,'2025-06-19 06:21:46','2025-06-19 06:21:46'),('perfectionist','Perfectionist','完美主義者','Achieve 100% accuracy in 3 consecutive reviews','連續3次評審達到100%準確率','💎','skill','hard',150,'rare',NULL,'{\"type\": \"consecutive_perfect\", \"threshold\": 3, \"description\": \"3 consecutive perfect reviews\"}',1,'2025-06-19 06:21:46','2025-06-19 06:21:46'),('point-collector','Point Collector','積分收集者','Earn 1000 total points','獲得總計1000分','💰','progress','easy',50,'common',NULL,'{\"type\": \"total_points\", \"threshold\": 1000, \"description\": \"Accumulate 1000 points\"}',1,'2025-06-19 06:21:46','2025-06-19 06:21:46'),('point-master','Point Master','積分大師','Earn 5000 total points','獲得總計5000分','💎','progress','medium',150,'uncommon',NULL,'{\"type\": \"total_points\", \"threshold\": 5000, \"description\": \"Accumulate 5000 points\"}',1,'2025-06-19 06:21:46','2025-06-19 06:21:46'),('practice-enthusiast','Practice Enthusiast','練習愛好者','Complete 10 practice sessions','完成10次練習會話','🎯','achievement','medium',60,'common',NULL,'{\"type\": \"practice_sessions\", \"threshold\": 10, \"description\": \"Complete practice sessions\"}',1,'2025-06-19 06:21:46','2025-06-19 06:21:46'),('progress-tracker','Progress Tracker','進度追蹤者','Improve accuracy by 20% over 10 reviews','在10次評審中將準確率提高20%','📈','progress','medium',80,'uncommon',NULL,'{\"type\": \"accuracy_improvement\", \"description\": \"Show consistent improvement\", \"improvement\": 20, \"review_span\": 10}',1,'2025-06-19 06:21:46','2025-06-19 06:21:46'),('quality-inspector','Quality Inspector','品質檢查員','Master code quality issues with 85%+ accuracy','以85%以上準確率掌握程式碼品質問題','🔎','skill','medium',60,'uncommon',NULL,'{\"type\": \"category_mastery\", \"accuracy\": 85, \"category\": \"Code Quality\", \"min_encounters\": 10}',1,'2025-06-19 06:21:46','2025-06-19 06:21:46'),('reviewer-adept','Reviewer Adept','評審能手','Complete 25 code reviews','完成25次程式碼評審','🎓','achievement','medium',100,'uncommon','[\"reviewer-novice\"]','{\"type\": \"review_count\", \"threshold\": 25, \"description\": \"Complete 25 code reviews\"}',1,'2025-06-19 06:21:46','2025-06-19 06:21:46'),('reviewer-legend','Reviewer Legend','評審傳奇','Complete 100 code reviews','完成100次程式碼評審','🏆','achievement','legendary',500,'legendary','[\"reviewer-master\"]','{\"type\": \"review_count\", \"threshold\": 100, \"description\": \"Complete 100 code reviews\"}',1,'2025-06-19 06:21:46','2025-06-19 06:21:46'),('reviewer-master','Reviewer Master','評審大師','Complete 50 code reviews','完成50次程式碼評審','👑','achievement','hard',250,'rare','[\"reviewer-adept\"]','{\"type\": \"review_count\", \"threshold\": 50, \"description\": \"Complete 50 code reviews\"}',1,'2025-06-19 06:21:46','2025-06-19 06:21:46'),('reviewer-novice','Reviewer Novice','評審新手','Complete 5 code reviews','完成5次程式碼評審','📝','achievement','easy',25,'common',NULL,'{\"type\": \"review_count\", \"threshold\": 5, \"description\": \"Complete 5 code reviews\"}',1,'2025-06-19 06:21:46','2025-06-19 06:21:46'),('rising-star','Rising Star','新星','Earn 500 points in your first week','在第一週內獲得500分','⭐','progress','medium',100,'uncommon',NULL,'{\"days\": 7, \"type\": \"points_timeframe\", \"points\": 500, \"description\": \"Fast early progress\"}',1,'2025-06-19 06:21:46','2025-06-19 06:21:46'),('speed-demon','Speed Demon','速度惡魔','Complete a review in under 2 minutes with 80%+ accuracy','在2分鐘內完成評審並達到80%以上準確率','⚡','skill','hard',100,'rare',NULL,'{\"type\": \"speed_accuracy\", \"time_limit\": 120, \"description\": \"Fast and accurate review\", \"accuracy_threshold\": 80}',1,'2025-06-19 06:21:46','2025-06-19 06:21:46'),('standards-expert','Standards Expert','標準專家','Master standard violations with 85%+ accuracy','以85%以上準確率掌握標準違規','📏','skill','medium',60,'uncommon',NULL,'{\"type\": \"category_mastery\", \"accuracy\": 85, \"category\": \"Standard Violation\", \"min_encounters\": 10}',1,'2025-06-19 06:21:46','2025-06-19 06:21:46'),('syntax-specialist','Syntax Specialist','語法專家','Master syntax errors with 85%+ accuracy','以85%以上準確率掌握語法錯誤','📐','skill','easy',40,'common',NULL,'{\"type\": \"category_mastery\", \"accuracy\": 85, \"category\": \"Syntax\", \"min_encounters\": 10}',1,'2025-06-19 06:21:46','2025-06-19 06:21:46'),('week-warrior','Week Warrior','週戰士','Practice for 7 consecutive days','連續練習7天','⚔️','consistency','medium',75,'uncommon',NULL,'{\"type\": \"consecutive_days\", \"threshold\": 7, \"description\": \"7 day practice streak\"}',1,'2025-06-19 06:21:46','2025-06-19 06:21:46');
/*!40000 ALTER TABLE `badges` ENABLE KEYS */;
UNLOCK TABLES;

--
-- Table structure for table `error_categories`
--

DROP TABLE IF EXISTS `error_categories`;
/*!40101 SET @saved_cs_client     = @@character_set_client */;
/*!50503 SET character_set_client = utf8mb4 */;
CREATE TABLE `error_categories` (
  `id` int NOT NULL AUTO_INCREMENT,
  `name_en` varchar(100) COLLATE utf8mb4_unicode_ci NOT NULL,
  `name_zh` varchar(100) COLLATE utf8mb4_unicode_ci NOT NULL,
  `description_en` text COLLATE utf8mb4_unicode_ci,
  `description_zh` text COLLATE utf8mb4_unicode_ci,
  `icon` varchar(50) COLLATE utf8mb4_unicode_ci DEFAULT 0xF09F9382,
  `sort_order` int DEFAULT '0',
  `created_at` timestamp NULL DEFAULT CURRENT_TIMESTAMP,
  `updated_at` timestamp NULL DEFAULT CURRENT_TIMESTAMP ON UPDATE CURRENT_TIMESTAMP,
  PRIMARY KEY (`id`),
  KEY `idx_name_en` (`name_en`),
  KEY `idx_sort_order` (`sort_order`)
) ENGINE=InnoDB AUTO_INCREMENT=6 DEFAULT CHARSET=utf8mb4 COLLATE=utf8mb4_unicode_ci;
/*!40101 SET character_set_client = @saved_cs_client */;

--
-- Dumping data for table `error_categories`
--

LOCK TABLES `error_categories` WRITE;
/*!40000 ALTER TABLE `error_categories` DISABLE KEYS */;
INSERT INTO `error_categories` VALUES (1,'Logical Errors','邏輯錯誤','Errors in program logic and algorithmic thinking','程式邏輯和演算法思維錯誤','🧠',1,'2025-06-19 06:21:46','2025-06-19 06:21:46'),(2,'Syntax Errors','語法錯誤','Java syntax and compilation errors','Java語法和編譯錯誤','📝',2,'2025-06-19 06:21:46','2025-06-19 06:21:46'),(3,'Code Quality','程式碼品質','Code style, readability and best practices','程式碼風格、可讀性和最佳實踐','⭐',3,'2025-06-19 06:21:46','2025-06-19 06:21:46'),(4,'Standard Violation','標準違規','Java coding standards and conventions','Java編碼標準和慣例','📏',4,'2025-06-19 06:21:46','2025-06-19 06:21:46'),(5,'Java Specific','Java特定錯誤','Java-specific language features and pitfalls','Java特定語言功能和陷阱','☕',5,'2025-06-19 06:21:46','2025-06-19 06:21:46');
/*!40000 ALTER TABLE `error_categories` ENABLE KEYS */;
UNLOCK TABLES;

--
-- Table structure for table `error_category_stats`
--

DROP TABLE IF EXISTS `error_category_stats`;
/*!40101 SET @saved_cs_client     = @@character_set_client */;
/*!50503 SET character_set_client = utf8mb4 */;
CREATE TABLE `error_category_stats` (
  `id` int NOT NULL AUTO_INCREMENT,
  `user_id` varchar(36) COLLATE utf8mb4_unicode_ci NOT NULL,
  `category_name` varchar(100) COLLATE utf8mb4_unicode_ci NOT NULL,
  `encountered` int DEFAULT '0',
  `identified` int DEFAULT '0',
  `mastery_level` decimal(5,2) DEFAULT '0.00',
  `last_updated` timestamp NULL DEFAULT CURRENT_TIMESTAMP ON UPDATE CURRENT_TIMESTAMP,
  `created_at` timestamp NULL DEFAULT CURRENT_TIMESTAMP,
  PRIMARY KEY (`id`),
  UNIQUE KEY `unique_user_category` (`user_id`,`category_name`),
  KEY `idx_user_mastery` (`user_id`,`mastery_level` DESC),
  KEY `idx_category_performance` (`category_name`,`mastery_level` DESC),
  CONSTRAINT `error_category_stats_ibfk_1` FOREIGN KEY (`user_id`) REFERENCES `users` (`uid`) ON DELETE CASCADE
) ENGINE=InnoDB AUTO_INCREMENT=48 DEFAULT CHARSET=utf8mb4 COLLATE=utf8mb4_unicode_ci;
/*!40101 SET character_set_client = @saved_cs_client */;

--
-- Dumping data for table `error_category_stats`
--

LOCK TABLES `error_category_stats` WRITE;
/*!40000 ALTER TABLE `error_category_stats` DISABLE KEYS */;
INSERT INTO `error_category_stats` VALUES (1,'b23e9340-4929-462e-9ee4-b6585f1e171b','',15,0,0.00,'2025-10-03 07:52:28','2025-06-19 06:23:04'),(3,'b23e9340-4929-462e-9ee4-b6585f1e171b','Logical Errors',3,3,100.00,'2025-09-30 06:51:55','2025-06-20 07:42:57'),(5,'b23e9340-4929-462e-9ee4-b6585f1e171b','Java特定錯誤',1,1,0.00,'2025-06-21 17:08:16','2025-06-21 17:08:16'),(7,'00367b29-82f3-46ab-91a4-09984f21a688','',1,0,0.00,'2025-07-04 02:22:38','2025-07-04 02:22:38'),(8,'00367b29-82f3-46ab-91a4-09984f21a688','Logical Errors',1,1,0.00,'2025-07-04 02:33:38','2025-07-04 02:33:38'),(9,'4d9c1c86-b02a-4ac9-9982-de5d289fb35e','',2,0,0.00,'2025-08-04 13:07:47','2025-08-04 13:06:30'),(11,'8b422c25-d491-44b4-8342-2eeee465362c','',1,0,0.00,'2025-08-07 01:32:24','2025-08-07 01:32:24'),(12,'5132a67a-400b-4c7e-aebf-4a2ac84ea775','',1,0,0.00,'2025-08-07 02:18:41','2025-08-07 02:18:41'),(13,'67ae3a5a-4420-4528-9a2c-88fb6fb92824','',1,0,0.00,'2025-08-08 01:28:25','2025-08-08 01:28:25'),(14,'b4be301a-18d3-48c9-9e76-15dac33bce5d','',5,0,0.00,'2025-08-11 02:06:00','2025-08-10 15:19:38'),(18,'b4be301a-18d3-48c9-9e76-15dac33bce5d','Logical Errors',2,1,33.33,'2025-08-10 15:25:11','2025-08-10 15:23:52'),(20,'b4be301a-18d3-48c9-9e76-15dac33bce5d','Syntax Errors',1,0,0.00,'2025-08-10 15:25:11','2025-08-10 15:25:11'),(21,'b4be301a-18d3-48c9-9e76-15dac33bce5d','Code Quality',1,0,0.00,'2025-08-10 15:25:11','2025-08-10 15:25:11'),(22,'b4be301a-18d3-48c9-9e76-15dac33bce5d','Standard Violation',1,0,0.00,'2025-08-10 15:25:11','2025-08-10 15:25:11'),(23,'b4be301a-18d3-48c9-9e76-15dac33bce5d','Java Specific',1,0,0.00,'2025-08-10 15:25:11','2025-08-10 15:25:11'),(25,'ed99293a-2d5f-4599-9871-090f79533c53','',1,0,0.00,'2025-08-17 14:48:18','2025-08-17 14:48:18'),(26,'7ccae358-2ec8-47bd-b634-2b74ba0ed238','',4,0,0.00,'2025-08-19 03:01:14','2025-08-19 02:03:24'),(28,'a1ef04a3-ca9f-4ce0-a9ae-5320105baaeb','',2,0,0.00,'2025-08-19 02:58:56','2025-08-19 02:51:03'),(32,'45d03d68-52e0-4d83-b65b-cd2850a45959','',1,0,0.00,'2025-08-22 08:11:11','2025-08-22 08:11:11'),(33,'45d03d68-52e0-4d83-b65b-cd2850a45959','Logical Errors',1,1,0.00,'2025-08-22 08:24:01','2025-08-22 08:24:01'),(46,'b23e9340-4929-462e-9ee4-b6585f1e171b','語法錯誤',1,1,0.00,'2025-09-30 14:10:44','2025-09-30 14:10:44');
/*!40000 ALTER TABLE `error_category_stats` ENABLE KEYS */;
UNLOCK TABLES;

--
-- Table structure for table `java_errors`
--

DROP TABLE IF EXISTS `java_errors`;
/*!40101 SET @saved_cs_client     = @@character_set_client */;
/*!50503 SET character_set_client = utf8mb4 */;
CREATE TABLE `java_errors` (
  `id` int NOT NULL AUTO_INCREMENT,
  `error_code` varchar(100) COLLATE utf8mb4_unicode_ci NOT NULL,
  `category_id` int NOT NULL,
  `error_name_en` varchar(200) COLLATE utf8mb4_unicode_ci NOT NULL,
  `error_name_zh` varchar(200) COLLATE utf8mb4_unicode_ci NOT NULL,
  `description_en` text COLLATE utf8mb4_unicode_ci NOT NULL,
  `description_zh` text COLLATE utf8mb4_unicode_ci NOT NULL,
  `implementation_guide_en` text COLLATE utf8mb4_unicode_ci,
  `implementation_guide_zh` text COLLATE utf8mb4_unicode_ci,
  `difficulty_level` enum('easy','medium','hard') COLLATE utf8mb4_unicode_ci DEFAULT 'medium',
  `frequency_weight` int DEFAULT '1',
  `tags` json DEFAULT NULL,
  `examples` json DEFAULT NULL,
  `usage_count` int DEFAULT '0',
  `success_rate` decimal(5,2) DEFAULT '0.00',
  `avg_identification_time` int DEFAULT '0',
  `created_at` timestamp NULL DEFAULT CURRENT_TIMESTAMP,
  `updated_at` timestamp NULL DEFAULT CURRENT_TIMESTAMP ON UPDATE CURRENT_TIMESTAMP,
  PRIMARY KEY (`id`),
  UNIQUE KEY `error_code` (`error_code`),
  KEY `idx_error_code` (`error_code`),
  KEY `idx_category_difficulty` (`category_id`,`difficulty_level`),
  KEY `idx_usage_stats` (`usage_count`,`success_rate`),
  CONSTRAINT `java_errors_ibfk_1` FOREIGN KEY (`category_id`) REFERENCES `error_categories` (`id`) ON DELETE CASCADE
) ENGINE=InnoDB AUTO_INCREMENT=48 DEFAULT CHARSET=utf8mb4 COLLATE=utf8mb4_unicode_ci;
/*!40101 SET character_set_client = @saved_cs_client */;

--
-- Dumping data for table `java_errors`
--

LOCK TABLES `java_errors` WRITE;
/*!40000 ALTER TABLE `java_errors` DISABLE KEYS */;
INSERT INTO `java_errors` VALUES (1,'LOG001',1,'Off-by-one Error','差一錯誤','Common mistake in loop boundaries or array indexing','迴圈邊界或陣列索引中的常見錯誤','Check loop conditions and array bounds carefully','仔細檢查迴圈條件和陣列邊界','easy',1,'[\"loops\", \"arrays\", \"indexing\", \"boundaries\"]','[{\"wrong\": \"for(int i=0; i<=array.length; i++)\", \"correct\": \"for(int i=0; i<array.length; i++)\"}]',0,0.00,0,'2025-06-19 06:21:46','2025-06-19 06:21:46'),(2,'LOG002',1,'Null check after dereference','解引用後檢查null','Accessing an object\'s methods or fields before checking if it\'s null','在檢查物件是否為null之前存取其方法或欄位','Write code that uses an object and then checks if it\'s null: \'if(object.getValue() > 0 && object != null)\' which causes NullPointerException if object is null','編寫先使用物件再檢查null的程式碼：\'if(object.getValue() > 0 && object != null)\'，若object為null會導致異常','medium',1,'[\"null\", \"safety\", \"exceptions\"]','[{\"wrong\": \"if(object.getValue() > 0 && object != null)\", \"correct\": \"if(object != null && object.getValue() > 0)\"}]',0,0.00,0,'2025-06-19 06:21:46','2025-06-19 06:21:46'),(3,'LOG003',1,'Unintended integer division','意外的整數除法','Integer division that truncates decimal results when floating-point division was intended','當需要浮點數除法時，整數除法會截斷小數結果','Divide two integers where decimal precision is needed: \'double result = 5 / 2;\' gives 2.0 instead of 2.5','在需要小數精度時除以兩個整數：\'double result = 5 / 2;\'得到2.0而非2.5','medium',1,'[\"division\", \"casting\", \"precision\"]','[{\"wrong\": \"double result = 5 / 2;\", \"correct\": \"double result = 5.0 / 2;\"}]',0,0.00,0,'2025-06-19 06:21:46','2025-06-19 06:21:46'),(4,'LOG004',1,'Ignoring method return values','忽略方法回傳值','Not checking or using the return value of a method, especially for methods that return status or modified values','未檢查或使用方法的回傳值，特別是回傳狀態或修改值的方法','Call string.replace() without assigning the result: \'myString.replace(\"old\", \"new\");\' instead of \'myString = myString.replace(\"old\", \"new\");\'','呼叫string.replace()但未指派結果：\'myString.replace(\"old\", \"new\");\'而非\'myString = myString.replace(\"old\", \"new\");\'','medium',1,'[\"return-values\", \"immutable\", \"strings\"]','[{\"wrong\": \"myString.replace(\\\"old\\\", \\\"new\\\");\", \"correct\": \"myString = myString.replace(\\\"old\\\", \\\"new\\\");\"}]',0,0.00,0,'2025-06-19 06:21:46','2025-06-19 06:21:46'),(5,'LOG005',1,'Incorrect equals/hashCode implementation','錯誤的equals/hashCode實作','Overriding equals() without overriding hashCode() or implementing them inconsistently','覆寫equals()而未覆寫hashCode()，或實作不一致','Override only equals() method without hashCode(), or use different fields in equals() and hashCode() implementations','只覆寫equals()方法而未覆寫hashCode()，或在equals()和hashCode()中使用不同欄位','hard',1,'[\"equals\", \"hashCode\", \"contracts\"]','[{\"advice\": \"Always override both equals() and hashCode() together\"}]',0,0.00,0,'2025-06-19 06:21:46','2025-06-19 06:21:46'),(6,'LOG006',1,'Misunderstanding of short-circuit evaluation','短路求值的誤解','Not utilizing or misunderstanding how && and || short-circuit, leading to potential errors or inefficient code','未利用或誤解&&和||的短路特性，導致潛在錯誤或低效程式碼','Use \'&\' or \'|\' instead of \'&&\' or \'||\' when short-circuiting is needed to prevent NullPointerException: \'if(obj != null & obj.getValue() > 0)\'','當需要短路來防止NullPointerException時使用\'&\'或\'|\'而非\'&&\'或\'||\'：\'if(obj != null & obj.getValue() > 0)\'','hard',1,'[\"short-circuit\", \"operators\", \"evaluation\"]','[{\"wrong\": \"if(obj != null & obj.getValue() > 0)\", \"correct\": \"if(obj != null && obj.getValue() > 0)\"}]',0,0.00,0,'2025-06-19 06:21:46','2025-06-19 06:21:46'),(7,'LOG007',1,'Race conditions in multi-threaded code','多執行緒程式碼中的競爭條件','Incorrect synchronization leading to unpredictable behavior when multiple threads access shared resources','不正確的同步導致多個執行緒存取共享資源時行為不可預測','Access shared variables without proper synchronization or locks, or use non-atomic operations in concurrent contexts','在沒有適當同步或鎖的情況下存取共享變數，或在併發上下文中使用非原子操作','hard',1,'[\"threading\", \"synchronization\", \"concurrency\"]','[{\"advice\": \"Use synchronized blocks, locks, or atomic operations for shared data\"}]',0,0.00,0,'2025-06-19 06:21:46','2025-06-19 06:21:46'),(8,'LOG008',1,'String comparison using ==','使用==比較字串','Comparing String objects with == instead of the equals() method','使用==而非equals()方法比較String物件','Compare strings with == instead of equals(): \'if(str1 == str2)\' instead of \'if(str1.equals(str2))\'','使用==而非equals()比較字串：\'if(str1 == str2)\'而非\'if(str1.equals(str2))\'','easy',1,'[\"strings\", \"equals\", \"comparison\"]','[{\"wrong\": \"if(str1 == str2)\", \"correct\": \"if(str1.equals(str2))\"}]',0,0.00,0,'2025-06-19 06:21:46','2025-06-19 06:21:46'),(9,'LOG009',1,'Side effects in assertions','斷言中的副作用','Including operations with side effects in assertions, which may not execute when assertions are disabled','在斷言中包含有副作用的操作，當斷言被禁用時可能不會執行','Write assertions that modify state: \'assert (x = calculateValue()) > 0;\' where x is being assigned a value','編寫修改狀態的斷言：\'assert (x = calculateValue()) > 0;\'其中x被賦值','medium',1,'[\"assertions\", \"side-effects\", \"debugging\"]','[{\"wrong\": \"assert (x = calculateValue()) > 0;\", \"correct\": \"x = calculateValue(); assert x > 0;\"}]',0,0.00,0,'2025-06-19 06:21:46','2025-06-19 06:21:46'),(10,'LOG010',1,'Missing break in switch statements','switch語句中缺少break','Forgetting break statements in switch cases, causing unintended fall-through to subsequent cases','忘記在switch case中加break語句，導致意外地繼續執行後續case','Create a switch statement without break statements between cases, leading to execution of multiple case blocks','建立沒有break語句的switch語句，導致執行多個case區塊','medium',1,'[\"switch\", \"break\", \"fall-through\"]','[{\"advice\": \"Always include break statements unless fall-through is intentional\"}]',0,0.00,0,'2025-06-19 06:21:46','2025-06-19 06:21:46'),(11,'LOG011',1,'Using assignment instead of comparison','使用賦值而非比較','Using = (assignment) instead of == (comparison) in a conditional statement','在條件語句中使用=（賦值）而非==（比較）','Use assignment in condition: \'if(x = 5)\' instead of \'if(x == 5)\', which assigns 5 to x and then evaluates to true','在條件中使用賦值：\'if(x = 5)\'而非\'if(x == 5)\'，會將5賦值給x然後求值為true','easy',1,'[\"assignment\", \"comparison\", \"operators\"]','[{\"wrong\": \"if(x = 5)\", \"correct\": \"if(x == 5)\"}]',0,0.00,0,'2025-06-19 06:21:46','2025-06-19 06:21:46'),(12,'LOG012',1,'Order of operations misunderstanding','運算順序誤解','Incorrect assumptions about operator precedence leading to unexpected calculation results','對運算子優先順序的錯誤假設導致意外的計算結果','Write expressions without parentheses where the order of operations matters: \'a + b * c\' expecting (a + b) * c','編寫沒有括號但運算順序很重要的表達式：\'a + b * c\'期望(a + b) * c','medium',1,'[\"precedence\", \"operators\", \"parentheses\"]','[{\"wrong\": \"a + b * c\", \"correct\": \"(a + b) * c\"}]',0,0.00,0,'2025-06-19 06:21:46','2025-06-19 06:21:46'),(13,'SYN001',2,'Missing semicolons','缺少分號','Forgetting to terminate statements with semicolons, causing compilation errors','忘記用分號終止語句，導致編譯錯誤','Omit semicolons at the end of statements: \'int x = 5\' instead of \'int x = 5;\'','在語句末尾省略分號：\'int x = 5\'而非\'int x = 5;\'','easy',1,'[\"semicolon\", \"syntax\", \"compilation\"]','[{\"wrong\": \"int x = 5\", \"correct\": \"int x = 5;\"}]',0,0.00,0,'2025-06-19 06:21:46','2025-06-19 06:21:46'),(14,'SYN002',2,'Unbalanced brackets or parentheses','括號不平衡','Having mismatched opening and closing brackets, braces, or parentheses in code','程式碼中的開括號和閉括號、大括號或圓括號不匹配','Create code with unbalanced brackets: \'if (condition) { doSomething();\' without the closing brace','建立括號不平衡的程式碼：\'if (condition) { doSomething();\'沒有閉括號','easy',1,'[\"brackets\", \"braces\", \"parentheses\"]','[{\"wrong\": \"if (condition) { doSomething();\", \"correct\": \"if (condition) { doSomething(); }\"}]',0,0.00,0,'2025-06-19 06:21:46','2025-06-19 06:21:46'),(15,'SYN003',2,'Incorrect method declaration','錯誤的方法宣告','Syntax errors in method declarations, such as missing return types or incorrect modifiers','方法宣告中的語法錯誤，如缺少回傳型別或錯誤的修飾符','Declare a method without a return type: \'public calculateTotal(int x, int y) { return x + y; }\' instead of \'public int calculateTotal(int x, int y) { return x + y; }\'','宣告沒有回傳型別的方法：\'public calculateTotal(int x, int y) { return x + y; }\'而非\'public int calculateTotal(int x, int y) { return x + y; }\'','medium',1,'[\"methods\", \"declaration\", \"return-type\"]','[{\"wrong\": \"public calculateTotal(int x, int y)\", \"correct\": \"public int calculateTotal(int x, int y)\"}]',0,0.00,0,'2025-06-19 06:21:46','2025-06-19 06:21:46'),(16,'SYN004',2,'Invalid variable declarations','無效的變數宣告','Syntax errors in variable declarations, such as missing types or invalid identifiers','變數宣告中的語法錯誤，如缺少型別或無效識別符','Declare variables with invalid syntax: \'int 2count = 10;\' using identifiers that start with numbers, or \'count = 5;\' without specifying type for a new variable','使用無效語法宣告變數：\'int 2count = 10;\'使用以數字開頭的識別符，或\'count = 5;\'未指定新變數的型別','easy',1,'[\"variables\", \"declaration\", \"identifiers\"]','[{\"wrong\": \"int 2count = 10;\", \"correct\": \"int count2 = 10;\"}]',0,0.00,0,'2025-06-19 06:21:46','2025-06-19 06:21:46'),(17,'SYN005',2,'Type mismatch in assignment','賦值中的型別不匹配','Assigning values of incompatible types without proper casting','在沒有適當轉型的情況下賦值不相容的型別','Assign incompatible types without casting: \'int x = \"Hello\";\' or \'String s = 42;\'','不經轉型賦值不相容型別：\'int x = \"Hello\";\'或\'String s = 42;\'','easy',1,'[\"types\", \"assignment\", \"casting\"]','[{\"wrong\": \"int x = \\\"Hello\\\";\", \"correct\": \"String x = \\\"Hello\\\";\"}]',0,0.00,0,'2025-06-19 06:21:46','2025-06-19 06:21:46'),(18,'SYN006',2,'Using keywords as identifiers','使用關鍵字作為識別符','Attempting to use Java reserved keywords as variable, method, or class names','嘗試將Java保留關鍵字用作變數、方法或類名','Try to use reserved words as identifiers: \'int class = 10;\' or \'void public() { }\'','嘗試使用保留字作為識別符：\'int class = 10;\'或\'void public() { }\'','easy',1,'[\"keywords\", \"identifiers\", \"reserved\"]','[{\"wrong\": \"int class = 10;\", \"correct\": \"int className = 10;\"}]',0,0.00,0,'2025-06-19 06:21:46','2025-06-19 06:21:46'),(19,'SYN007',2,'Missing return statement','缺少return語句','Not providing a return statement in a method that declares a return type','在宣告回傳型別的方法中未提供return語句','Create a non-void method without a return statement: \'public int getValue() { int x = 10; }\' without returning x','建立沒有return語句的非void方法：\'public int getValue() { int x = 10; }\'沒有回傳x','easy',1,'[\"return\", \"methods\", \"compilation\"]','[{\"wrong\": \"public int getValue() { int x = 10; }\", \"correct\": \"public int getValue() { int x = 10; return x; }\"}]',0,0.00,0,'2025-06-19 06:21:46','2025-06-19 06:21:46'),(20,'SYN008',2,'Illegal modifiers','非法修飾符','Using incompatible or redundant modifiers for classes, methods, or variables','對類、方法或變數使用不相容或冗餘的修飾符','Use conflicting modifiers: \'private public void method()\' or \'final abstract class MyClass\'','使用衝突的修飾符：\'private public void method()\'或\'final abstract class MyClass\'','medium',1,'[\"modifiers\", \"access\", \"compilation\"]','[{\"wrong\": \"private public void method()\", \"correct\": \"public void method()\"}]',0,0.00,0,'2025-06-19 06:21:46','2025-06-19 06:21:46'),(21,'CQ001',3,'Magic numbers','魔術數字','Using literal numbers in code instead of named constants, reducing readability and maintainability','在程式碼中使用字面數字而非具名常數，降低可讀性和維護性','Hardcode numeric values: \'if(count > 1000)\' or \'for(int i=0; i<365; i++)\' instead of using named constants','硬編碼數值：\'if(count > 1000)\'或\'for(int i=0; i<365; i++)\'而非使用具名常數','easy',1,'[\"constants\", \"readability\", \"maintainability\"]','[{\"wrong\": \"if(count > 1000)\", \"correct\": \"private static final int MAX_COUNT = 1000; if(count > MAX_COUNT)\"}]',0,0.00,0,'2025-06-19 06:21:46','2025-06-19 06:21:46'),(22,'CQ002',3,'Long method','過長的方法','Methods that are excessively long and try to do too many things, violating the Single Responsibility Principle','過長且承擔過多責任的方法，違反單一職責原則','Create methods with more than 50 lines that perform multiple responsibilities instead of breaking them into smaller, focused methods','建立超過50行且執行多項職責的方法，而非將其拆分為更小、專注的方法','medium',1,'[\"methods\", \"single-responsibility\", \"refactoring\"]','[{\"advice\": \"Break methods longer than 20-30 lines into smaller methods\"}]',0,0.00,0,'2025-06-19 06:21:46','2025-06-19 06:21:46'),(23,'CQ003',3,'Code duplication','程式碼重複','Repeated code blocks that could be refactored into shared methods or utilities','重複的程式碼區塊，可以重構為共享方法或工具','Copy-paste similar logic in multiple places instead of extracting common logic into separate methods','在多個地方複製貼上相似邏輯，而非將共通邏輯提取到獨立方法中','medium',1,'[\"duplication\", \"refactoring\", \"dry\"]','[{\"advice\": \"Extract common logic into reusable methods\"}]',0,0.00,0,'2025-06-19 06:21:46','2025-06-19 06:21:46'),(24,'CQ004',3,'Deep nesting','過深巢狀','Excessive levels of nested conditionals or loops, making code hard to read and maintain','過多層級的巢狀條件或迴圈，使程式碼難以閱讀和維護','Create deeply nested if-else statements or loops with 4+ levels of indentation instead of using early returns or extracted methods','建立深度巢狀的if-else語句或4+層縮排的迴圈，而非使用早期回傳或提取方法','medium',1,'[\"nesting\", \"readability\", \"complexity\"]','[{\"advice\": \"Use early returns and extract methods to reduce nesting\"}]',0,0.00,0,'2025-06-19 06:21:46','2025-06-19 06:21:46'),(25,'CQ005',3,'Poor exception handling','糟糕的例外處理','Catching exceptions that are too broad or empty catch blocks that swallow exceptions without proper handling','捕獲過於廣泛的例外或空的catch區塊，在沒有適當處理的情況下吞噬例外','Use catch(Exception e) {} with empty body, hiding all errors, or catch overly broad exceptions without specific handling','使用空內容的catch(Exception e) {}，隱藏所有錯誤，或捕獲過於廣泛的例外而沒有特定處理','medium',1,'[\"exceptions\", \"error-handling\", \"debugging\"]','[{\"wrong\": \"catch(Exception e) {}\", \"correct\": \"catch(SpecificException e) { logger.error(\\\"Error\\\", e); }\"}]',0,0.00,0,'2025-06-19 06:21:46','2025-06-19 06:21:46'),(26,'CQ006',3,'Missing logging','缺少日誌記錄','Inadequate or missing logging, especially for errors, making troubleshooting difficult','日誌記錄不足或缺失，特別是錯誤日誌，使故障排除變得困難','Create catch blocks that don\'t log exceptions, or omit logging of important application events and state changes','建立不記錄例外的catch區塊，或省略重要應用程式事件和狀態變更的日誌記錄','easy',1,'[\"logging\", \"debugging\", \"monitoring\"]','[{\"advice\": \"Add appropriate logging for errors and important events\"}]',0,0.00,0,'2025-06-19 06:21:46','2025-06-19 06:21:46'),(27,'CQ007',3,'Inappropriate comments','不當的註釋','Comments that are misleading, outdated, or simply restate what the code does without adding value','誤導性、過時或僅重述程式碼功能而不增加價值的註釋','Write comments that just repeat the code: \'// increment counter\' for \'counter++\', or leave outdated comments that no longer match the code','編寫僅重複程式碼的註釋：對\'counter++\'寫\'// increment counter\'，或留下不再符合程式碼的過時註釋','easy',1,'[\"comments\", \"documentation\", \"clarity\"]','[{\"wrong\": \"// increment counter\\ncounter++;\", \"correct\": \"// Update user session timeout\\ncounter++;\"}]',0,0.00,0,'2025-06-19 06:21:46','2025-06-19 06:21:46'),(28,'CQ008',3,'Poor variable naming','變數命名不佳','Using unclear, ambiguous, or overly abbreviated variable names that don\'t convey their purpose','使用不清楚、模糊或過度縮寫的變數名稱，不能傳達其用途','Use names like \'x\', \'temp\', or \'data\' that don\'t clearly indicate the purpose or content of the variable','使用如\'x\'、\'temp\'或\'data\'等不能清楚表明變數用途或內容的名稱','easy',1,'[\"naming\", \"readability\", \"clarity\"]','[{\"wrong\": \"int x = getUserCount();\", \"correct\": \"int activeUserCount = getUserCount();\"}]',0,0.00,0,'2025-06-19 06:21:46','2025-06-19 06:21:46'),(29,'CQ009',3,'Law of Demeter violations','迪米特法則違規','Violating the principle that an object should only interact with its immediate neighbors, creating tight coupling','違反物件應只與其直接鄰居互動的原則，造成緊密耦合','Create method chains like \'object.getX().getY().doZ()\' instead of having objects only communicate with direct dependencies','建立如\'object.getX().getY().doZ()\'的方法鏈，而非讓物件只與直接依賴項通信','hard',1,'[\"coupling\", \"design\", \"dependencies\"]','[{\"wrong\": \"object.getX().getY().doZ()\", \"correct\": \"object.performAction()\"}]',0,0.00,0,'2025-06-19 06:21:46','2025-06-19 06:21:46'),(30,'CQ010',3,'Not using appropriate collections','未使用適當的集合','Using the wrong collection type for the operations being performed, leading to inefficient code','對執行的操作使用錯誤的集合型別，導致低效的程式碼','Use ArrayList when frequent insertions/deletions are needed (LinkedList would be better), or use List when set operations are required','當需要頻繁插入/刪除時使用ArrayList（LinkedList會更好），或當需要集合操作時使用List','medium',1,'[\"collections\", \"performance\", \"data-structures\"]','[{\"advice\": \"Choose collections based on access patterns: ArrayList for random access, LinkedList for frequent insertions\"}]',0,0.00,0,'2025-06-19 06:21:46','2025-06-19 06:21:46'),(31,'CQ011',3,'Excessive class coupling','過度類耦合','Classes that are too interdependent, making the system fragile and difficult to modify','類別過於相互依賴，使系統脆弱且難以修改','Create classes that directly reference many other concrete classes instead of using interfaces, dependency injection, or other decoupling patterns','建立直接引用許多其他具體類的類，而非使用介面、依賴注入或其他解耦模式','hard',1,'[\"coupling\", \"design\", \"interfaces\"]','[{\"advice\": \"Use interfaces and dependency injection to reduce coupling\"}]',0,0.00,0,'2025-06-19 06:21:46','2025-06-19 06:21:46'),(32,'CQ012',3,'Not using try-with-resources','未使用try-with-resources','Not using try-with-resources for AutoCloseable resources, risking resource leaks','對AutoCloseable資源未使用try-with-resources，有資源洩漏風險','Manually close resources with finally blocks instead of using try-with-resources: \'try { FileReader fr = new FileReader(file); ... } finally { fr.close(); }\'','使用finally區塊手動關閉資源而非使用try-with-resources：\'try { FileReader fr = new FileReader(file); ... } finally { fr.close(); }\'','medium',1,'[\"resources\", \"memory\", \"cleanup\"]','[{\"wrong\": \"try { FileReader fr = new FileReader(file); } finally { fr.close(); }\", \"correct\": \"try (FileReader fr = new FileReader(file)) { }\"}]',0,0.00,0,'2025-06-19 06:21:46','2025-06-19 06:21:46'),(33,'STD001',4,'Inconsistent naming conventions','不一致的命名慣例','Not following standard Java naming conventions for classes, methods, variables, and constants','未遵循Java類、方法、變數和常數的標準命名慣例','Use incorrect naming: \'class myClass\' (lowercase), \'public void GetValue()\' (uppercase method), \'final int maxValue = 100\' (non-uppercase constant)','使用錯誤命名：\'class myClass\'（小寫），\'public void GetValue()\'（大寫方法），\'final int maxValue = 100\'（非大寫常數）','easy',1,'[\"naming\", \"conventions\", \"style\"]','[{\"wrong\": \"class myClass, void GetValue(), final int maxValue\", \"correct\": \"class MyClass, void getValue(), final int MAX_VALUE\"}]',0,0.00,0,'2025-06-19 06:21:46','2025-06-19 06:21:46'),(34,'STD002',4,'Improper indentation','縮排不當','Inconsistent or incorrect code indentation that reduces readability','縮排不一致或錯誤，降低可讀性','Use inconsistent or missing indentation in code blocks, especially nested ones','在程式碼區塊中使用不一致或缺少縮排，特別是巢狀區塊','easy',1,'[\"formatting\", \"indentation\", \"readability\"]','[{\"advice\": \"Use consistent 4-space or 1-tab indentation throughout\"}]',0,0.00,0,'2025-06-19 06:21:46','2025-06-19 06:21:46'),(35,'STD003',4,'Unorganized imports','未組織的import','Import statements that are not properly organized or contain unused imports','Import語句未適當組織或包含未使用的import','Import classes that aren\'t used, use wildcard imports unnecessarily, or leave imports unorganized (not grouped by package)','Import未使用的類，不必要地使用萬用字元import，或保持import未組織（未按套件分組）','easy',1,'[\"imports\", \"organization\", \"cleanup\"]','[{\"advice\": \"Group imports by package and remove unused ones\"}]',0,0.00,0,'2025-06-19 06:21:46','2025-06-19 06:21:46'),(36,'STD004',4,'Missing file headers','缺少檔案標頭','Source files without standard header comments describing purpose, author, and license information','原始檔沒有描述用途、作者和授權資訊的標準標頭註釋','Omit file header documentation that includes information about the class purpose, creation date, author, and copyright','省略包含類用途、建立日期、作者和版權資訊的檔案標頭文件','easy',1,'[\"documentation\", \"headers\", \"standards\"]','[{\"advice\": \"Include standard file headers with class purpose and author info\"}]',0,0.00,0,'2025-06-19 06:21:46','2025-06-19 06:21:46'),(37,'STD005',4,'Line length violations','行長度違規','Lines of code that exceed the recommended maximum length (typically 80-120 characters)','超過建議最大長度（通常80-120字符）的程式碼行','Write extremely long lines of code that require horizontal scrolling instead of breaking them into multiple lines','編寫需要水平滾動的極長程式碼行，而非將其拆分為多行','easy',1,'[\"formatting\", \"line-length\", \"readability\"]','[{\"advice\": \"Keep lines under 120 characters, break long statements\"}]',0,0.00,0,'2025-06-19 06:21:46','2025-06-19 06:21:46'),(38,'STD006',4,'Inconsistent brace placement','括號放置不一致','Placing opening and closing braces inconsistently throughout the codebase','在整個程式碼庫中不一致地放置開括號和閉括號','Mix different brace styles: \'if (condition) {\' and \'if (condition)\n{\' in the same codebase','混合不同的括號風格：在同一程式碼庫中使用\'if (condition) {\'和\'if (condition)\n{\'','easy',1,'[\"formatting\", \"braces\", \"consistency\"]','[{\"advice\": \"Choose one brace style and use it consistently\"}]',0,0.00,0,'2025-06-19 06:21:46','2025-06-19 06:21:46'),(39,'STD007',4,'Unconventional package structure','非慣例的套件結構','Not following standard package naming and organization conventions','未遵循標準套件命名和組織慣例','Use non-conventional package names like uppercase packages, or place classes in inappropriate packages','使用非慣例的套件名稱如大寫套件，或將類放在不適當的套件中','medium',1,'[\"packages\", \"naming\", \"organization\"]','[{\"advice\": \"Use lowercase package names following reverse domain convention\"}]',0,0.00,0,'2025-06-19 06:21:46','2025-06-19 06:21:46'),(40,'STD008',4,'Ignoring code analyzer warnings','忽略程式碼分析器警告','Suppressing or ignoring warnings from static code analyzers without proper justification','在沒有適當理由的情況下抑制或忽略靜態程式碼分析器的警告','Add @SuppressWarnings annotations without comments explaining why the warning is being suppressed','添加@SuppressWarnings註解而沒有註釋解釋為何抑制警告','medium',1,'[\"warnings\", \"analysis\", \"justification\"]','[{\"wrong\": \"@SuppressWarnings(\\\"unused\\\")\", \"correct\": \"@SuppressWarnings(\\\"unused\\\") // Field used by reflection\"}]',0,0.00,0,'2025-06-19 06:21:46','2025-06-19 06:21:46'),(41,'JS001',5,'Raw type usage','使用原始型別','Using raw types instead of parameterized types, bypassing generic type safety','使用原始型別而非參數化型別，繞過泛型型別安全','Use \'List list = new ArrayList();\' instead of \'List<String> list = new ArrayList<>();\', losing type safety','使用\'List list = new ArrayList();\'而非\'List<String> list = new ArrayList<>();\'，失去型別安全','medium',1,'[\"generics\", \"type-safety\", \"collections\"]','[{\"wrong\": \"List list = new ArrayList();\", \"correct\": \"List<String> list = new ArrayList<>();\"}]',0,0.00,0,'2025-06-19 06:21:46','2025-06-19 06:21:46'),(42,'JS002',5,'Collection modification during iteration','疊代期間修改集合','Modifying a collection while iterating over it with a for-each loop, causing ConcurrentModificationException','在使用for-each迴圈疊代集合時修改集合，導致ConcurrentModificationException','Remove elements from a collection during a for-each loop: \'for(String item : items) { if(condition) items.remove(item); }\'','在for-each迴圈期間從集合中移除元素：\'for(String item : items) { if(condition) items.remove(item); }\'','medium',1,'[\"collections\", \"iteration\", \"concurrent-modification\"]','[{\"wrong\": \"for(String item : items) { items.remove(item); }\", \"correct\": \"Iterator<String> it = items.iterator(); while(it.hasNext()) { if(condition) it.remove(); }\"}]',0,0.00,0,'2025-06-19 06:21:46','2025-06-19 06:21:46'),(43,'JS003',5,'Ignoring InterruptedException','忽略InterruptedException','Catching InterruptedException without handling it properly, breaking thread interruption mechanism','捕獲InterruptedException而未適當處理，破壞執行緒中斷機制','Catch InterruptedException without rethrowing or setting the interrupt flag: \'try { Thread.sleep(1000); } catch (InterruptedException e) { }\'','捕獲InterruptedException而未重新拋出或設置中斷標誌：\'try { Thread.sleep(1000); } catch (InterruptedException e) { }\'','hard',1,'[\"threading\", \"interruption\", \"exceptions\"]','[{\"wrong\": \"catch (InterruptedException e) {}\", \"correct\": \"catch (InterruptedException e) { Thread.currentThread().interrupt(); }\"}]',0,0.00,0,'2025-06-19 06:21:46','2025-06-19 06:21:46'),(44,'JS004',5,'Boxing/unboxing overhead','裝箱/拆箱開銷','Unnecessary conversions between primitive types and their wrapper classes, impacting performance','基本型別和其包裝類之間的不必要轉換，影響性能','Repeatedly box/unbox in tight loops: \'Integer sum = 0; for(int i=0; i<1000000; i++) { sum += i; }\' instead of using primitive int','在緊密迴圈中重複裝箱/拆箱：\'Integer sum = 0; for(int i=0; i<1000000; i++) { sum += i; }\'而非使用基本型別int','medium',1,'[\"performance\", \"primitives\", \"boxing\"]','[{\"wrong\": \"Integer sum = 0; for(int i=0; i<1000000; i++) { sum += i; }\", \"correct\": \"int sum = 0; for(int i=0; i<1000000; i++) { sum += i; }\"}]',0,0.00,0,'2025-06-19 06:21:46','2025-06-19 06:21:46'),(45,'JS005',5,'Misuse of finalize()','finalize()的誤用','Overriding finalize() for resource management, which is unreliable due to garbage collection unpredictability','覆寫finalize()進行資源管理，由於垃圾收集的不可預測性而不可靠','Override finalize() to close resources instead of using try-with-resources or explicit close() calls','覆寫finalize()來關閉資源而非使用try-with-resources或明確的close()呼叫','hard',1,'[\"finalize\", \"resources\", \"garbage-collection\"]','[{\"wrong\": \"protected void finalize() { resource.close(); }\", \"correct\": \"try (Resource resource = new Resource()) { }\"}]',0,0.00,0,'2025-06-19 06:21:46','2025-06-19 06:21:46'),(46,'JS006',5,'Checked exception overuse','已檢查例外的過度使用','Declaring methods to throw checked exceptions that could be handled locally or converted to unchecked exceptions','宣告方法拋出可以在本地處理或轉換為未檢查例外的已檢查例外','Propagate checked exceptions up the call stack when they could be handled or wrapped locally','當可以在本地處理或包裝時，將已檢查例外向上傳播到呼叫堆疊','medium',1,'[\"exceptions\", \"checked\", \"design\"]','[{\"advice\": \"Use checked exceptions sparingly, prefer unchecked for programming errors\"}]',0,0.00,0,'2025-06-19 06:21:46','2025-06-19 06:21:46'),(47,'JS007',5,'Not using @Override annotation','未使用@Override註解','Omitting @Override annotation when overriding methods, losing compiler validation','覆寫方法時省略@Override註解，失去編譯器驗證','Override methods from superclasses or interfaces without using the @Override annotation','覆寫超類或介面的方法而未使用@Override註解','easy',1,'[\"annotations\", \"override\", \"validation\"]','[{\"wrong\": \"public String toString() { return name; }\", \"correct\": \"@Override public String toString() { return name; }\"}]',0,0.00,0,'2025-06-19 06:21:46','2025-06-19 06:21:46');
/*!40000 ALTER TABLE `java_errors` ENABLE KEYS */;
UNLOCK TABLES;

--
-- Table structure for table `review_sessions`
--

DROP TABLE IF EXISTS `review_sessions`;
/*!40101 SET @saved_cs_client     = @@character_set_client */;
/*!50503 SET character_set_client = utf8mb4 */;
CREATE TABLE `review_sessions` (
  `id` int NOT NULL AUTO_INCREMENT,
  `user_id` varchar(500) COLLATE utf8mb4_unicode_ci NOT NULL,
  `session_id` varchar(500) COLLATE utf8mb4_unicode_ci NOT NULL,
  `code_difficulty` varchar(20) COLLATE utf8mb4_unicode_ci DEFAULT 'medium',
  `total_errors` int DEFAULT '0',
  `identified_errors` int DEFAULT '0',
  `accuracy_percentage` decimal(5,2) DEFAULT '0.00',
  `review_iterations` int DEFAULT '1',
  `time_spent_seconds` int DEFAULT '0',
  `session_type` enum('practice','regular','tutorial') COLLATE utf8mb4_unicode_ci DEFAULT 'regular',
  `practice_error_code` varchar(100) COLLATE utf8mb4_unicode_ci DEFAULT NULL,
  `completed_at` timestamp NULL DEFAULT CURRENT_TIMESTAMP,
  `created_at` timestamp NULL DEFAULT CURRENT_TIMESTAMP,
  PRIMARY KEY (`id`),
  KEY `idx_user_performance` (`user_id`,`accuracy_percentage` DESC,`completed_at` DESC),
  KEY `idx_session_stats` (`session_type`,`accuracy_percentage` DESC),
  KEY `idx_practice_tracking` (`user_id`,`practice_error_code`,`completed_at` DESC),
  CONSTRAINT `review_sessions_ibfk_1` FOREIGN KEY (`user_id`) REFERENCES `users` (`uid`) ON DELETE CASCADE
) ENGINE=InnoDB AUTO_INCREMENT=78 DEFAULT CHARSET=utf8mb4 COLLATE=utf8mb4_unicode_ci;
/*!40101 SET character_set_client = @saved_cs_client */;

--
-- Dumping data for table `review_sessions`
--

LOCK TABLES `review_sessions` WRITE;
/*!40000 ALTER TABLE `review_sessions` DISABLE KEYS */;
INSERT INTO `review_sessions` VALUES (1,'b23e9340-4929-462e-9ee4-b6585f1e171b','session_b23e9340-4929-462e-9ee4-b6585f1e171b_1750314184','easy',1,1,100.00,1,180,'practice','','2025-06-19 06:23:04','2025-06-19 06:23:04'),(2,'b23e9340-4929-462e-9ee4-b6585f1e171b','session_b23e9340-4929-462e-9ee4-b6585f1e171b_1750314184','medium',1,0,0.00,1,0,'practice','','2025-06-19 06:23:04','2025-06-19 06:23:04'),(3,'b23e9340-4929-462e-9ee4-b6585f1e171b','session_b23e9340-4929-462e-9ee4-b6585f1e171b_1750387477','easy',1,1,100.00,1,180,'practice','','2025-06-20 02:44:37','2025-06-20 02:44:37'),(4,'b23e9340-4929-462e-9ee4-b6585f1e171b','session_b23e9340-4929-462e-9ee4-b6585f1e171b_1750387477','medium',1,0,0.00,1,0,'practice','','2025-06-20 02:44:37','2025-06-20 02:44:37'),(5,'b23e9340-4929-462e-9ee4-b6585f1e171b','session_b23e9340-4929-462e-9ee4-b6585f1e171b_1750405377','easy',2,2,100.00,2,218,'regular',NULL,'2025-06-20 07:42:57','2025-06-20 07:42:57'),(6,'b23e9340-4929-462e-9ee4-b6585f1e171b','session_b23e9340-4929-462e-9ee4-b6585f1e171b_1750525629','easy',1,1,100.00,1,180,'practice','','2025-06-21 17:07:09','2025-06-21 17:07:09'),(7,'b23e9340-4929-462e-9ee4-b6585f1e171b','session_b23e9340-4929-462e-9ee4-b6585f1e171b_1750525629','medium',1,0,0.00,1,0,'practice','','2025-06-21 17:07:09','2025-06-21 17:07:09'),(8,'b23e9340-4929-462e-9ee4-b6585f1e171b','session_b23e9340-4929-462e-9ee4-b6585f1e171b_1750525696','easy',1,1,100.00,1,34,'regular',NULL,'2025-06-21 17:08:16','2025-06-21 17:08:16'),(9,'b23e9340-4929-462e-9ee4-b6585f1e171b','session_b23e9340-4929-462e-9ee4-b6585f1e171b_1750749834','easy',1,1,100.00,1,47,'regular',NULL,'2025-06-24 07:23:54','2025-06-24 07:23:54'),(10,'00367b29-82f3-46ab-91a4-09984f21a688','session_00367b29-82f3-46ab-91a4-09984f21a688_1751595758','easy',1,1,100.00,1,180,'practice','','2025-07-04 02:22:38','2025-07-04 02:22:38'),(11,'00367b29-82f3-46ab-91a4-09984f21a688','session_00367b29-82f3-46ab-91a4-09984f21a688_1751595758','medium',1,0,0.00,1,0,'practice','','2025-07-04 02:22:38','2025-07-04 02:22:38'),(12,'00367b29-82f3-46ab-91a4-09984f21a688','session_00367b29-82f3-46ab-91a4-09984f21a688_1751596418','easy',1,1,100.00,1,168,'regular',NULL,'2025-07-04 02:33:38','2025-07-04 02:33:38'),(13,'4d9c1c86-b02a-4ac9-9982-de5d289fb35e','session_4d9c1c86-b02a-4ac9-9982-de5d289fb35e_1754312790','easy',1,1,100.00,1,180,'practice','','2025-08-04 13:06:30','2025-08-04 13:06:30'),(14,'4d9c1c86-b02a-4ac9-9982-de5d289fb35e','session_4d9c1c86-b02a-4ac9-9982-de5d289fb35e_1754312790','medium',1,0,0.00,1,0,'practice','','2025-08-04 13:06:30','2025-08-04 13:06:30'),(15,'4d9c1c86-b02a-4ac9-9982-de5d289fb35e','session_4d9c1c86-b02a-4ac9-9982-de5d289fb35e_1754312867','easy',1,1,100.00,1,180,'practice','','2025-08-04 13:07:47','2025-08-04 13:07:47'),(16,'4d9c1c86-b02a-4ac9-9982-de5d289fb35e','session_4d9c1c86-b02a-4ac9-9982-de5d289fb35e_1754312867','medium',1,0,0.00,1,0,'practice','','2025-08-04 13:07:47','2025-08-04 13:07:47'),(17,'8b422c25-d491-44b4-8342-2eeee465362c','session_8b422c25-d491-44b4-8342-2eeee465362c_1754530344','easy',1,1,100.00,2,360,'practice','','2025-08-07 01:32:24','2025-08-07 01:32:24'),(18,'8b422c25-d491-44b4-8342-2eeee465362c','session_8b422c25-d491-44b4-8342-2eeee465362c_1754530344','medium',1,0,0.00,1,0,'practice','','2025-08-07 01:32:24','2025-08-07 01:32:24'),(19,'5132a67a-400b-4c7e-aebf-4a2ac84ea775','session_5132a67a-400b-4c7e-aebf-4a2ac84ea775_1754533121','easy',1,1,100.00,1,180,'practice','','2025-08-07 02:18:41','2025-08-07 02:18:41'),(20,'5132a67a-400b-4c7e-aebf-4a2ac84ea775','session_5132a67a-400b-4c7e-aebf-4a2ac84ea775_1754533121','medium',1,0,0.00,1,0,'practice','','2025-08-07 02:18:41','2025-08-07 02:18:41'),(21,'67ae3a5a-4420-4528-9a2c-88fb6fb92824','session_67ae3a5a-4420-4528-9a2c-88fb6fb92824_1754616505','easy',1,1,100.00,1,180,'practice','','2025-08-08 01:28:25','2025-08-08 01:28:25'),(22,'67ae3a5a-4420-4528-9a2c-88fb6fb92824','session_67ae3a5a-4420-4528-9a2c-88fb6fb92824_1754616505','medium',1,0,0.00,1,0,'practice','','2025-08-08 01:28:25','2025-08-08 01:28:25'),(23,'b4be301a-18d3-48c9-9e76-15dac33bce5d','session_b4be301a-18d3-48c9-9e76-15dac33bce5d_1754839178','easy',1,1,100.00,1,180,'practice','','2025-08-10 15:19:38','2025-08-10 15:19:38'),(24,'b4be301a-18d3-48c9-9e76-15dac33bce5d','session_b4be301a-18d3-48c9-9e76-15dac33bce5d_1754839178','medium',1,0,0.00,1,0,'practice','','2025-08-10 15:19:38','2025-08-10 15:19:38'),(25,'b4be301a-18d3-48c9-9e76-15dac33bce5d','session_b4be301a-18d3-48c9-9e76-15dac33bce5d_1754839226','easy',1,1,100.00,1,180,'practice','','2025-08-10 15:20:26','2025-08-10 15:20:26'),(26,'b4be301a-18d3-48c9-9e76-15dac33bce5d','session_b4be301a-18d3-48c9-9e76-15dac33bce5d_1754839226','medium',1,0,0.00,1,0,'practice','','2025-08-10 15:20:26','2025-08-10 15:20:26'),(27,'b4be301a-18d3-48c9-9e76-15dac33bce5d','session_b4be301a-18d3-48c9-9e76-15dac33bce5d_1754839298','easy',1,1,100.00,1,180,'practice','','2025-08-10 15:21:38','2025-08-10 15:21:38'),(28,'b4be301a-18d3-48c9-9e76-15dac33bce5d','session_b4be301a-18d3-48c9-9e76-15dac33bce5d_1754839298','medium',1,0,0.00,1,0,'practice','','2025-08-10 15:21:38','2025-08-10 15:21:38'),(29,'b4be301a-18d3-48c9-9e76-15dac33bce5d','session_b4be301a-18d3-48c9-9e76-15dac33bce5d_1754839351','easy',1,1,100.00,1,180,'practice','','2025-08-10 15:22:31','2025-08-10 15:22:31'),(30,'b4be301a-18d3-48c9-9e76-15dac33bce5d','session_b4be301a-18d3-48c9-9e76-15dac33bce5d_1754839351','medium',1,0,0.00,1,0,'practice','','2025-08-10 15:22:31','2025-08-10 15:22:31'),(31,'b4be301a-18d3-48c9-9e76-15dac33bce5d','session_b4be301a-18d3-48c9-9e76-15dac33bce5d_1754839432','easy',1,1,100.00,1,37,'regular',NULL,'2025-08-10 15:23:52','2025-08-10 15:23:52'),(32,'b4be301a-18d3-48c9-9e76-15dac33bce5d','session_b4be301a-18d3-48c9-9e76-15dac33bce5d_1754839511','easy',1,1,100.00,1,42,'regular',NULL,'2025-08-10 15:25:11','2025-08-10 15:25:11'),(33,'b4be301a-18d3-48c9-9e76-15dac33bce5d','session_b4be301a-18d3-48c9-9e76-15dac33bce5d_1754877960','easy',1,1,100.00,1,180,'practice','','2025-08-11 02:06:00','2025-08-11 02:06:00'),(34,'b4be301a-18d3-48c9-9e76-15dac33bce5d','session_b4be301a-18d3-48c9-9e76-15dac33bce5d_1754877960','medium',1,0,0.00,1,0,'practice','','2025-08-11 02:06:00','2025-08-11 02:06:00'),(35,'ed99293a-2d5f-4599-9871-090f79533c53','session_ed99293a-2d5f-4599-9871-090f79533c53_1755442098','easy',1,1,100.00,1,193,'practice','','2025-08-17 14:48:18','2025-08-17 14:48:18'),(36,'ed99293a-2d5f-4599-9871-090f79533c53','session_ed99293a-2d5f-4599-9871-090f79533c53_1755442098','medium',1,0,0.00,1,0,'practice','','2025-08-17 14:48:18','2025-08-17 14:48:18'),(37,'7ccae358-2ec8-47bd-b634-2b74ba0ed238','session_7ccae358-2ec8-47bd-b634-2b74ba0ed238_1755569003','easy',1,1,100.00,1,180,'practice','','2025-08-19 02:03:23','2025-08-19 02:03:23'),(38,'7ccae358-2ec8-47bd-b634-2b74ba0ed238','session_7ccae358-2ec8-47bd-b634-2b74ba0ed238_1755569004','medium',1,0,0.00,1,0,'practice','','2025-08-19 02:03:24','2025-08-19 02:03:24'),(39,'7ccae358-2ec8-47bd-b634-2b74ba0ed238','session_7ccae358-2ec8-47bd-b634-2b74ba0ed238_1755569243','easy',1,1,100.00,1,180,'practice','','2025-08-19 02:07:23','2025-08-19 02:07:23'),(40,'7ccae358-2ec8-47bd-b634-2b74ba0ed238','session_7ccae358-2ec8-47bd-b634-2b74ba0ed238_1755569243','medium',1,0,0.00,1,0,'practice','','2025-08-19 02:07:23','2025-08-19 02:07:23'),(41,'a1ef04a3-ca9f-4ce0-a9ae-5320105baaeb','session_a1ef04a3-ca9f-4ce0-a9ae-5320105baaeb_1755571863','easy',1,1,100.00,1,180,'practice','','2025-08-19 02:51:03','2025-08-19 02:51:03'),(42,'a1ef04a3-ca9f-4ce0-a9ae-5320105baaeb','session_a1ef04a3-ca9f-4ce0-a9ae-5320105baaeb_1755571863','medium',1,0,0.00,1,0,'practice','','2025-08-19 02:51:03','2025-08-19 02:51:03'),(43,'7ccae358-2ec8-47bd-b634-2b74ba0ed238','session_7ccae358-2ec8-47bd-b634-2b74ba0ed238_1755572158','medium',1,1,100.00,1,180,'practice','','2025-08-19 02:55:58','2025-08-19 02:55:58'),(44,'7ccae358-2ec8-47bd-b634-2b74ba0ed238','session_7ccae358-2ec8-47bd-b634-2b74ba0ed238_1755572159','medium',1,0,0.00,1,0,'practice','','2025-08-19 02:55:59','2025-08-19 02:55:59'),(45,'a1ef04a3-ca9f-4ce0-a9ae-5320105baaeb','session_a1ef04a3-ca9f-4ce0-a9ae-5320105baaeb_1755572336','easy',1,1,100.00,1,180,'practice','','2025-08-19 02:58:56','2025-08-19 02:58:56'),(46,'a1ef04a3-ca9f-4ce0-a9ae-5320105baaeb','session_a1ef04a3-ca9f-4ce0-a9ae-5320105baaeb_1755572336','medium',1,0,0.00,1,0,'practice','','2025-08-19 02:58:56','2025-08-19 02:58:56'),(47,'7ccae358-2ec8-47bd-b634-2b74ba0ed238','session_7ccae358-2ec8-47bd-b634-2b74ba0ed238_1755572474','hard',1,1,100.00,2,360,'practice','','2025-08-19 03:01:14','2025-08-19 03:01:14'),(48,'7ccae358-2ec8-47bd-b634-2b74ba0ed238','session_7ccae358-2ec8-47bd-b634-2b74ba0ed238_1755572474','medium',1,0,0.00,1,0,'practice','','2025-08-19 03:01:14','2025-08-19 03:01:14'),(49,'45d03d68-52e0-4d83-b65b-cd2850a45959','session_45d03d68-52e0-4d83-b65b-cd2850a45959_1755850271','easy',1,1,100.00,1,180,'practice','','2025-08-22 08:11:11','2025-08-22 08:11:11'),(50,'45d03d68-52e0-4d83-b65b-cd2850a45959','session_45d03d68-52e0-4d83-b65b-cd2850a45959_1755850271','medium',1,0,0.00,1,0,'practice','','2025-08-22 08:11:11','2025-08-22 08:11:11'),(51,'45d03d68-52e0-4d83-b65b-cd2850a45959','session_45d03d68-52e0-4d83-b65b-cd2850a45959_1755851041','easy',1,1,100.00,1,241,'regular',NULL,'2025-08-22 08:24:01','2025-08-22 08:24:01'),(52,'b23e9340-4929-462e-9ee4-b6585f1e171b','session_b23e9340-4929-462e-9ee4-b6585f1e171b_1759214749','medium',1,1,100.00,1,180,'practice','','2025-09-30 06:45:49','2025-09-30 06:45:49'),(53,'b23e9340-4929-462e-9ee4-b6585f1e171b','session_b23e9340-4929-462e-9ee4-b6585f1e171b_1759214750','medium',1,0,0.00,1,0,'practice','','2025-09-30 06:45:50','2025-09-30 06:45:50'),(54,'b23e9340-4929-462e-9ee4-b6585f1e171b','session_b23e9340-4929-462e-9ee4-b6585f1e171b_1759215115','easy',1,1,100.00,1,76,'regular',NULL,'2025-09-30 06:51:55','2025-09-30 06:51:55'),(55,'b23e9340-4929-462e-9ee4-b6585f1e171b','session_b23e9340-4929-462e-9ee4-b6585f1e171b_1759215176','medium',1,1,100.00,1,180,'practice','','2025-09-30 06:52:56','2025-09-30 06:52:56'),(56,'b23e9340-4929-462e-9ee4-b6585f1e171b','session_b23e9340-4929-462e-9ee4-b6585f1e171b_1759215176','medium',1,0,0.00,1,0,'practice','','2025-09-30 06:52:56','2025-09-30 06:52:56'),(57,'b23e9340-4929-462e-9ee4-b6585f1e171b','session_b23e9340-4929-462e-9ee4-b6585f1e171b_1759216215','medium',1,1,100.00,1,180,'practice','','2025-09-30 07:10:15','2025-09-30 07:10:15'),(58,'b23e9340-4929-462e-9ee4-b6585f1e171b','session_b23e9340-4929-462e-9ee4-b6585f1e171b_1759216215','medium',1,0,0.00,1,0,'practice','','2025-09-30 07:10:15','2025-09-30 07:10:15'),(59,'b23e9340-4929-462e-9ee4-b6585f1e171b','session_b23e9340-4929-462e-9ee4-b6585f1e171b_1759216338','medium',1,1,100.00,1,180,'practice','','2025-09-30 07:12:18','2025-09-30 07:12:18'),(60,'b23e9340-4929-462e-9ee4-b6585f1e171b','session_b23e9340-4929-462e-9ee4-b6585f1e171b_1759216338','medium',1,0,0.00,1,0,'practice','','2025-09-30 07:12:18','2025-09-30 07:12:18'),(61,'b23e9340-4929-462e-9ee4-b6585f1e171b','session_b23e9340-4929-462e-9ee4-b6585f1e171b_1759216745','easy',1,1,100.00,1,180,'practice','','2025-09-30 07:19:05','2025-09-30 07:19:05'),(62,'b23e9340-4929-462e-9ee4-b6585f1e171b','session_b23e9340-4929-462e-9ee4-b6585f1e171b_1759216745','medium',1,0,0.00,1,0,'practice','','2025-09-30 07:19:05','2025-09-30 07:19:05'),(63,'b23e9340-4929-462e-9ee4-b6585f1e171b','session_b23e9340-4929-462e-9ee4-b6585f1e171b_1759218846','medium',1,1,100.00,1,180,'practice','','2025-09-30 07:54:06','2025-09-30 07:54:06'),(64,'b23e9340-4929-462e-9ee4-b6585f1e171b','session_b23e9340-4929-462e-9ee4-b6585f1e171b_1759218846','medium',1,0,0.00,1,0,'practice','','2025-09-30 07:54:06','2025-09-30 07:54:06'),(65,'b23e9340-4929-462e-9ee4-b6585f1e171b','session_b23e9340-4929-462e-9ee4-b6585f1e171b_1759218982','medium',1,1,100.00,1,180,'practice','','2025-09-30 07:56:22','2025-09-30 07:56:22'),(66,'b23e9340-4929-462e-9ee4-b6585f1e171b','session_b23e9340-4929-462e-9ee4-b6585f1e171b_1759218982','medium',1,0,0.00,1,0,'practice','','2025-09-30 07:56:22','2025-09-30 07:56:22'),(67,'b23e9340-4929-462e-9ee4-b6585f1e171b','session_b23e9340-4929-462e-9ee4-b6585f1e171b_1759219822','medium',1,1,100.00,1,180,'practice','','2025-09-30 08:10:22','2025-09-30 08:10:22'),(68,'b23e9340-4929-462e-9ee4-b6585f1e171b','session_b23e9340-4929-462e-9ee4-b6585f1e171b_1759219822','medium',1,0,0.00,1,0,'practice','','2025-09-30 08:10:22','2025-09-30 08:10:22'),(69,'b23e9340-4929-462e-9ee4-b6585f1e171b','session_b23e9340-4929-462e-9ee4-b6585f1e171b_1759220422','easy',1,1,100.00,1,180,'practice','','2025-09-30 08:20:22','2025-09-30 08:20:22'),(70,'b23e9340-4929-462e-9ee4-b6585f1e171b','session_b23e9340-4929-462e-9ee4-b6585f1e171b_1759220422','medium',1,0,0.00,1,0,'practice','','2025-09-30 08:20:22','2025-09-30 08:20:22'),(71,'b23e9340-4929-462e-9ee4-b6585f1e171b','session_b23e9340-4929-462e-9ee4-b6585f1e171b_1759221803','easy',1,1,100.00,1,180,'practice','','2025-09-30 08:43:23','2025-09-30 08:43:23'),(72,'b23e9340-4929-462e-9ee4-b6585f1e171b','session_b23e9340-4929-462e-9ee4-b6585f1e171b_1759221803','medium',1,0,0.00,1,0,'practice','','2025-09-30 08:43:23','2025-09-30 08:43:23'),(73,'b23e9340-4929-462e-9ee4-b6585f1e171b','session_b23e9340-4929-462e-9ee4-b6585f1e171b_1759241025','easy',1,1,100.00,2,360,'practice','','2025-09-30 14:03:45','2025-09-30 14:03:45'),(74,'b23e9340-4929-462e-9ee4-b6585f1e171b','session_b23e9340-4929-462e-9ee4-b6585f1e171b_1759241025','medium',1,0,0.00,1,0,'practice','','2025-09-30 14:03:45','2025-09-30 14:03:45'),(75,'b23e9340-4929-462e-9ee4-b6585f1e171b','session_b23e9340-4929-462e-9ee4-b6585f1e171b_1759241444','easy',1,1,100.00,2,328,'regular',NULL,'2025-09-30 14:10:44','2025-09-30 14:10:44'),(76,'b23e9340-4929-462e-9ee4-b6585f1e171b','session_b23e9340-4929-462e-9ee4-b6585f1e171b_1759477948','medium',1,1,100.00,3,540,'practice','','2025-10-03 07:52:28','2025-10-03 07:52:28'),(77,'b23e9340-4929-462e-9ee4-b6585f1e171b','session_b23e9340-4929-462e-9ee4-b6585f1e171b_1759477948','medium',1,0,0.00,1,0,'practice','','2025-10-03 07:52:28','2025-10-03 07:52:28');
/*!40000 ALTER TABLE `review_sessions` ENABLE KEYS */;
UNLOCK TABLES;

--
-- Table structure for table `user_badges`
--

DROP TABLE IF EXISTS `user_badges`;
/*!40101 SET @saved_cs_client     = @@character_set_client */;
/*!50503 SET character_set_client = utf8mb4 */;
CREATE TABLE `user_badges` (
  `id` int NOT NULL AUTO_INCREMENT,
  `user_id` varchar(36) COLLATE utf8mb4_unicode_ci NOT NULL,
  `badge_id` varchar(50) COLLATE utf8mb4_unicode_ci NOT NULL,
  `awarded_at` timestamp NULL DEFAULT CURRENT_TIMESTAMP,
  `progress_data` json DEFAULT NULL,
  `notification_sent` tinyint(1) DEFAULT '0',
  PRIMARY KEY (`id`),
  UNIQUE KEY `unique_user_badge` (`user_id`,`badge_id`),
  KEY `idx_user_awarded` (`user_id`,`awarded_at` DESC),
  KEY `idx_badge_awarded` (`badge_id`,`awarded_at` DESC),
  CONSTRAINT `user_badges_ibfk_1` FOREIGN KEY (`user_id`) REFERENCES `users` (`uid`) ON DELETE CASCADE,
  CONSTRAINT `user_badges_ibfk_2` FOREIGN KEY (`badge_id`) REFERENCES `badges` (`badge_id`) ON DELETE CASCADE
) ENGINE=InnoDB AUTO_INCREMENT=33 DEFAULT CHARSET=utf8mb4 COLLATE=utf8mb4_unicode_ci;
/*!40101 SET character_set_client = @saved_cs_client */;

--
-- Dumping data for table `user_badges`
--

LOCK TABLES `user_badges` WRITE;
/*!40000 ALTER TABLE `user_badges` DISABLE KEYS */;
INSERT INTO `user_badges` VALUES (1,'b23e9340-4929-462e-9ee4-b6585f1e171b','first-review','2025-06-19 06:23:04',NULL,0),(2,'b23e9340-4929-462e-9ee4-b6585f1e171b','century-club','2025-06-19 06:23:04',NULL,0),(3,'b23e9340-4929-462e-9ee4-b6585f1e171b','reviewer-novice','2025-06-20 07:42:57',NULL,0),(4,'b23e9340-4929-462e-9ee4-b6585f1e171b','bug-hunter','2025-06-21 17:08:16',NULL,0),(5,'b23e9340-4929-462e-9ee4-b6585f1e171b','speed-demon','2025-06-21 17:08:16',NULL,0),(6,'b23e9340-4929-462e-9ee4-b6585f1e171b','rising-star','2025-06-24 07:23:54',NULL,0),(7,'00367b29-82f3-46ab-91a4-09984f21a688','first-review','2025-07-04 02:22:38',NULL,0),(8,'00367b29-82f3-46ab-91a4-09984f21a688','century-club','2025-07-04 02:22:38',NULL,0),(9,'4d9c1c86-b02a-4ac9-9982-de5d289fb35e','first-review','2025-08-04 13:06:30',NULL,0),(10,'4d9c1c86-b02a-4ac9-9982-de5d289fb35e','century-club','2025-08-04 13:06:30',NULL,0),(11,'8b422c25-d491-44b4-8342-2eeee465362c','first-review','2025-08-07 01:32:24',NULL,0),(12,'8b422c25-d491-44b4-8342-2eeee465362c','century-club','2025-08-07 01:32:24',NULL,0),(13,'5132a67a-400b-4c7e-aebf-4a2ac84ea775','first-review','2025-08-07 02:18:41',NULL,0),(14,'5132a67a-400b-4c7e-aebf-4a2ac84ea775','century-club','2025-08-07 02:18:41',NULL,0),(15,'67ae3a5a-4420-4528-9a2c-88fb6fb92824','first-review','2025-08-08 01:28:25',NULL,0),(16,'67ae3a5a-4420-4528-9a2c-88fb6fb92824','century-club','2025-08-08 01:28:25',NULL,0),(17,'b4be301a-18d3-48c9-9e76-15dac33bce5d','first-review','2025-08-10 15:19:38',NULL,0),(18,'b4be301a-18d3-48c9-9e76-15dac33bce5d','century-club','2025-08-10 15:19:38',NULL,0),(19,'b4be301a-18d3-48c9-9e76-15dac33bce5d','reviewer-novice','2025-08-10 15:21:38',NULL,0),(20,'b4be301a-18d3-48c9-9e76-15dac33bce5d','bug-hunter','2025-08-10 15:23:52',NULL,0),(21,'b4be301a-18d3-48c9-9e76-15dac33bce5d','speed-demon','2025-08-10 15:23:52',NULL,0),(22,'b4be301a-18d3-48c9-9e76-15dac33bce5d','rising-star','2025-08-10 15:25:11',NULL,0),(23,'ed99293a-2d5f-4599-9871-090f79533c53','first-review','2025-08-17 14:48:18',NULL,0),(24,'ed99293a-2d5f-4599-9871-090f79533c53','century-club','2025-08-17 14:48:18',NULL,0),(25,'7ccae358-2ec8-47bd-b634-2b74ba0ed238','first-review','2025-08-19 02:03:23',NULL,0),(26,'7ccae358-2ec8-47bd-b634-2b74ba0ed238','century-club','2025-08-19 02:03:23',NULL,0),(27,'a1ef04a3-ca9f-4ce0-a9ae-5320105baaeb','first-review','2025-08-19 02:51:03',NULL,0),(28,'a1ef04a3-ca9f-4ce0-a9ae-5320105baaeb','century-club','2025-08-19 02:51:03',NULL,0),(29,'7ccae358-2ec8-47bd-b634-2b74ba0ed238','reviewer-novice','2025-08-19 02:55:58',NULL,0),(30,'45d03d68-52e0-4d83-b65b-cd2850a45959','first-review','2025-08-22 08:11:11',NULL,0),(31,'45d03d68-52e0-4d83-b65b-cd2850a45959','century-club','2025-08-22 08:11:11',NULL,0),(32,'b23e9340-4929-462e-9ee4-b6585f1e171b','reviewer-adept','2025-09-30 08:10:22',NULL,0);
/*!40000 ALTER TABLE `user_badges` ENABLE KEYS */;
UNLOCK TABLES;

--
-- Table structure for table `user_error_practice`
--

DROP TABLE IF EXISTS `user_error_practice`;
/*!40101 SET @saved_cs_client     = @@character_set_client */;
/*!50503 SET character_set_client = utf8mb4 */;
CREATE TABLE `user_error_practice` (
  `id` int NOT NULL AUTO_INCREMENT,
  `user_id` varchar(36) COLLATE utf8mb4_unicode_ci NOT NULL,
  `error_code` varchar(100) COLLATE utf8mb4_unicode_ci NOT NULL,
  `error_name_en` varchar(200) COLLATE utf8mb4_unicode_ci NOT NULL,
  `error_name_zh` varchar(200) COLLATE utf8mb4_unicode_ci NOT NULL,
  `category_name` varchar(100) COLLATE utf8mb4_unicode_ci NOT NULL,
  `practice_count` int DEFAULT '0',
  `total_attempts` int DEFAULT '0',
  `successful_completions` int DEFAULT '0',
  `best_accuracy` decimal(5,2) DEFAULT '0.00',
  `total_time_spent` int DEFAULT '0',
  `last_practiced` timestamp NULL DEFAULT NULL,
  `first_practiced` timestamp NULL DEFAULT CURRENT_TIMESTAMP,
  `completion_status` enum('not_started','in_progress','completed','mastered') COLLATE utf8mb4_unicode_ci DEFAULT 'not_started',
  `mastery_level` decimal(5,2) DEFAULT '0.00',
  `created_at` timestamp NULL DEFAULT CURRENT_TIMESTAMP,
  `updated_at` timestamp NULL DEFAULT CURRENT_TIMESTAMP ON UPDATE CURRENT_TIMESTAMP,
  PRIMARY KEY (`id`),
  UNIQUE KEY `unique_user_error` (`user_id`,`error_code`),
  KEY `idx_user_practice` (`user_id`,`completion_status`),
  KEY `idx_error_practice` (`error_code`,`completion_status`),
  KEY `idx_user_mastery` (`user_id`,`mastery_level` DESC),
  KEY `idx_practice_stats` (`user_id`,`last_practiced` DESC),
  CONSTRAINT `user_error_practice_ibfk_1` FOREIGN KEY (`user_id`) REFERENCES `users` (`uid`) ON DELETE CASCADE
) ENGINE=InnoDB AUTO_INCREMENT=68 DEFAULT CHARSET=utf8mb4 COLLATE=utf8mb4_unicode_ci;
/*!40101 SET character_set_client = @saved_cs_client */;

--
-- Dumping data for table `user_error_practice`
--

LOCK TABLES `user_error_practice` WRITE;
/*!40000 ALTER TABLE `user_error_practice` DISABLE KEYS */;
INSERT INTO `user_error_practice` VALUES (1,'b23e9340-4929-462e-9ee4-b6585f1e171b','LOG001','差一錯誤','差一錯誤','邏輯錯誤',6,6,1,100.00,3,'2025-10-03 07:36:00','2025-06-19 06:22:36','mastered',100.00,'2025-06-19 06:22:36','2025-10-03 07:36:00'),(2,'b23e9340-4929-462e-9ee4-b6585f1e171b','LOG008','String comparison using ==','String comparison using ==','Logical Errors',2,2,2,100.00,14,'2025-09-30 08:20:22','2025-06-20 02:43:50','mastered',100.00,'2025-06-20 02:43:50','2025-09-30 08:20:22'),(3,'b23e9340-4929-462e-9ee4-b6585f1e171b','LOG011','Using assignment instead of comparison','Using assignment instead of comparison','Logical Errors',6,6,3,100.00,113,'2025-09-30 14:21:23','2025-06-20 07:35:51','mastered',100.00,'2025-06-20 07:35:51','2025-09-30 14:21:23'),(7,'00367b29-82f3-46ab-91a4-09984f21a688','LOG001','Off-by-one Error','Off-by-one Error','Logical Errors',1,1,1,100.00,2,'2025-07-04 02:22:38','2025-07-04 02:21:30','mastered',100.00,'2025-07-04 02:21:30','2025-07-04 02:22:38'),(9,'4d9c1c86-b02a-4ac9-9982-de5d289fb35e','LOG001','Off-by-one Error','Off-by-one Error','Logical Errors',1,1,1,100.00,4,'2025-08-04 13:06:30','2025-08-04 13:04:50','mastered',100.00,'2025-08-04 13:04:50','2025-08-04 13:06:30'),(10,'4d9c1c86-b02a-4ac9-9982-de5d289fb35e','LOG008','String comparison using ==','String comparison using ==','Logical Errors',1,1,1,100.00,3,'2025-08-04 13:07:47','2025-08-04 13:07:07','mastered',100.00,'2025-08-04 13:07:07','2025-08-04 13:07:47'),(15,'b23e9340-4929-462e-9ee4-b6585f1e171b','LOG004','Ignoring method return values','Ignoring method return values','Logical Errors',6,6,2,100.00,63,'2025-10-03 07:52:28','2025-08-06 06:33:51','mastered',100.00,'2025-08-06 06:33:51','2025-10-03 07:52:28'),(16,'5132a67a-400b-4c7e-aebf-4a2ac84ea775','LOG001','Off-by-one Error','Off-by-one Error','Logical Errors',1,1,0,0.00,0,'2025-08-07 01:21:49','2025-08-07 01:21:49','in_progress',0.00,'2025-08-07 01:21:49','2025-08-07 01:21:49'),(17,'8b422c25-d491-44b4-8342-2eeee465362c','LOG001','Off-by-one Error','Off-by-one Error','Logical Errors',1,1,1,100.00,3,'2025-08-07 01:32:24','2025-08-07 01:24:55','mastered',100.00,'2025-08-07 01:24:55','2025-08-07 01:32:24'),(18,'5132a67a-400b-4c7e-aebf-4a2ac84ea775','LOG008','String comparison using ==','String comparison using ==','Logical Errors',1,1,1,100.00,3,'2025-08-07 02:18:41','2025-08-07 02:18:01','mastered',100.00,'2025-08-07 02:18:01','2025-08-07 02:18:41'),(19,'67ae3a5a-4420-4528-9a2c-88fb6fb92824','LOG008','String comparison using ==','String comparison using ==','Logical Errors',1,1,1,100.00,3,'2025-08-08 01:28:25','2025-08-08 01:27:02','mastered',100.00,'2025-08-08 01:27:02','2025-08-08 01:28:25'),(21,'b4be301a-18d3-48c9-9e76-15dac33bce5d','LOG001','Off-by-one Error','Off-by-one Error','Logical Errors',4,4,5,100.00,17,'2025-08-11 02:06:00','2025-08-10 10:16:24','mastered',100.00,'2025-08-10 10:16:24','2025-08-11 02:06:00'),(25,'ed99293a-2d5f-4599-9871-090f79533c53','LOG001','Off-by-one Error','Off-by-one Error','Logical Errors',2,2,0,0.00,0,'2025-08-17 14:43:10','2025-08-17 14:37:41','in_progress',0.00,'2025-08-17 14:37:41','2025-08-17 14:43:10'),(27,'ed99293a-2d5f-4599-9871-090f79533c53','SYN004','無效的變數宣告','無效的變數宣告','語法錯誤',1,1,1,100.00,4,'2025-08-17 14:48:18','2025-08-17 14:47:45','mastered',100.00,'2025-08-17 14:47:45','2025-08-17 14:48:18'),(28,'13c95fee-af1b-4987-ad8c-a0457e1e64fc','LOG008','使用==比較字串','使用==比較字串','邏輯錯誤',1,1,0,0.00,0,'2025-08-18 05:36:32','2025-08-18 05:36:32','in_progress',0.00,'2025-08-18 05:36:32','2025-08-18 05:36:32'),(29,'7ccae358-2ec8-47bd-b634-2b74ba0ed238','LOG001','差一錯誤','差一錯誤','邏輯錯誤',1,1,1,100.00,3,'2025-08-19 02:03:23','2025-08-19 02:00:11','mastered',100.00,'2025-08-19 02:00:11','2025-08-19 02:03:23'),(30,'7ccae358-2ec8-47bd-b634-2b74ba0ed238','LOG008','使用==比較字串','使用==比較字串','邏輯錯誤',2,2,1,100.00,3,'2025-08-19 02:07:23','2025-08-19 02:04:39','mastered',100.00,'2025-08-19 02:04:39','2025-08-19 02:07:23'),(32,'a1ef04a3-ca9f-4ce0-a9ae-5320105baaeb','LOG001','差一錯誤','差一錯誤','邏輯錯誤',1,1,1,100.00,3,'2025-08-19 02:51:03','2025-08-19 02:45:38','mastered',100.00,'2025-08-19 02:45:38','2025-08-19 02:51:03'),(33,'a1ef04a3-ca9f-4ce0-a9ae-5320105baaeb','LOG008','使用==比較字串','使用==比較字串','邏輯錯誤',1,1,1,100.00,3,'2025-08-19 02:58:56','2025-08-19 02:52:28','mastered',100.00,'2025-08-19 02:52:28','2025-08-19 02:58:56'),(34,'7ccae358-2ec8-47bd-b634-2b74ba0ed238','LOG012','運算順序誤解','運算順序誤解','邏輯錯誤',1,1,1,100.00,3,'2025-08-19 02:55:59','2025-08-19 02:54:55','mastered',100.00,'2025-08-19 02:54:55','2025-08-19 02:55:59'),(35,'7ccae358-2ec8-47bd-b634-2b74ba0ed238','JS005','finalize()的誤用','finalize()的誤用','Java特定錯誤',1,1,1,100.00,3,'2025-08-19 03:01:14','2025-08-19 02:59:20','mastered',100.00,'2025-08-19 02:59:20','2025-08-19 03:01:14'),(36,'b4be301a-18d3-48c9-9e76-15dac33bce5d','LOG008','String comparison using ==','String comparison using ==','Logical Errors',1,1,0,0.00,0,'2025-08-21 10:24:58','2025-08-21 10:24:58','in_progress',0.00,'2025-08-21 10:24:58','2025-08-21 10:24:58'),(37,'b23e9340-4929-462e-9ee4-b6585f1e171b','LOG010','Missing break in switch statements','Missing break in switch statements','Logical Errors',4,4,3,100.00,25,'2025-09-30 08:10:22','2025-08-22 07:55:14','mastered',100.00,'2025-08-22 07:55:14','2025-09-30 08:10:22'),(38,'45d03d68-52e0-4d83-b65b-cd2850a45959','LOG001','Off-by-one Error','Off-by-one Error','Logical Errors',6,6,1,100.00,3,'2025-08-22 08:47:58','2025-08-22 07:59:37','mastered',100.00,'2025-08-22 07:59:37','2025-08-22 08:47:58'),(44,'0986a03f-1a3c-452d-b919-e0c8444b3f62','LOG005','Incorrect equals/hashCode implementation','Incorrect equals/hashCode implementation','Logical Errors',1,1,0,0.00,0,'2025-09-02 09:51:19','2025-09-02 09:51:19','in_progress',0.00,'2025-09-02 09:51:19','2025-09-02 09:51:19'),(45,'0986a03f-1a3c-452d-b919-e0c8444b3f62','LOG008','String comparison using ==','String comparison using ==','Logical Errors',1,1,0,0.00,0,'2025-09-02 09:53:52','2025-09-02 09:53:52','in_progress',0.00,'2025-09-02 09:53:52','2025-09-02 09:53:52'),(51,'b23e9340-4929-462e-9ee4-b6585f1e171b','LOG002','Null check after dereference','Null check after dereference','Logical Errors',3,3,3,100.00,25,'2025-09-30 07:56:22','2025-09-30 06:48:42','mastered',100.00,'2025-09-30 06:48:42','2025-09-30 07:56:22'),(55,'b23e9340-4929-462e-9ee4-b6585f1e171b','JS007','未使用@Override註解','未使用@Override註解','Java特定錯誤',1,1,1,100.00,8,'2025-09-30 07:19:05','2025-09-30 07:17:25','mastered',100.00,'2025-09-30 07:17:25','2025-09-30 07:19:05'),(63,'b23e9340-4929-462e-9ee4-b6585f1e171b','CQ010','未使用適當的集合','未使用適當的集合','程式碼品質',1,1,0,0.00,0,'2025-10-01 02:52:07','2025-10-01 02:52:07','in_progress',0.00,'2025-10-01 02:52:07','2025-10-01 02:52:07'),(64,'b23e9340-4929-462e-9ee4-b6585f1e171b','LOG012','運算順序誤解','運算順序誤解','邏輯錯誤',2,2,0,0.00,0,'2025-10-03 07:29:58','2025-10-03 06:55:01','in_progress',0.00,'2025-10-03 06:55:01','2025-10-03 07:29:58');
/*!40000 ALTER TABLE `user_error_practice` ENABLE KEYS */;
UNLOCK TABLES;

--
-- Table structure for table `user_interactions`
--

DROP TABLE IF EXISTS `user_interactions`;
/*!40101 SET @saved_cs_client     = @@character_set_client */;
/*!50503 SET character_set_client = utf8mb4 */;
CREATE TABLE `user_interactions` (
  `id` bigint NOT NULL AUTO_INCREMENT,
  `user_id` varchar(36) COLLATE utf8mb4_unicode_ci NOT NULL,
  `interaction_type` enum('review_processing_complete','review_analysis_complete','view_feedback_tab','view_code_generator','analysis_complete','review_analysis_start','start_review','code_ready_for_review','generate_completed','start_generate','view_badge_showcase','deselect_category','select_category','submit_review','complete_tutorial_abandoned','code_generate_complete','start_tutorial_code_generation','filter_by_difficulty','filter_by_category','regenerate_tutorial_code') COLLATE utf8mb4_unicode_ci NOT NULL,
  `interaction_category` varchar(50) COLLATE utf8mb4_unicode_ci NOT NULL,
  `details` json DEFAULT NULL,
  `time_spent_seconds` int DEFAULT '0',
  `success` tinyint(1) DEFAULT '1',
  `timestamp` timestamp NULL DEFAULT CURRENT_TIMESTAMP,
  PRIMARY KEY (`id`),
  KEY `idx_user_timestamp` (`user_id`,`timestamp` DESC),
  KEY `idx_interaction_type` (`interaction_type`,`timestamp` DESC),
  CONSTRAINT `user_interactions_ibfk_1` FOREIGN KEY (`user_id`) REFERENCES `users` (`uid`) ON DELETE CASCADE
) ENGINE=InnoDB AUTO_INCREMENT=302 DEFAULT CHARSET=utf8mb4 COLLATE=utf8mb4_unicode_ci;
/*!40101 SET character_set_client = @saved_cs_client */;

--
-- Dumping data for table `user_interactions`
--

LOCK TABLES `user_interactions` WRITE;
/*!40000 ALTER TABLE `user_interactions` DISABLE KEYS */;
INSERT INTO `user_interactions` VALUES (1,'b23e9340-4929-462e-9ee4-b6585f1e171b','code_generate_complete','tutorial','{\"language\": \"zh\", \"timestamp\": 1750314159.681214, \"current_step\": \"generate\", \"has_code_snippet\": true, \"current_iteration\": 1}',0,1,'2025-06-19 06:22:39'),(2,'b23e9340-4929-462e-9ee4-b6585f1e171b','code_ready_for_review','tutorial','{\"language\": \"zh\", \"timestamp\": 1750314159.743854, \"current_step\": \"generate\", \"has_code_snippet\": true, \"current_iteration\": 1}',0,1,'2025-06-19 06:22:39'),(3,'b23e9340-4929-462e-9ee4-b6585f1e171b','submit_review','tutorial','{\"language\": \"zh\", \"timestamp\": 1750314181.43517, \"current_step\": \"generate\", \"has_code_snippet\": true, \"current_iteration\": 1}',0,1,'2025-06-19 06:23:01'),(4,'b23e9340-4929-462e-9ee4-b6585f1e171b','review_analysis_complete','tutorial','{\"language\": \"zh\", \"timestamp\": 1750314184.569657, \"current_step\": \"generate\", \"has_code_snippet\": true, \"current_iteration\": 1}',0,1,'2025-06-19 06:23:04'),(5,'b23e9340-4929-462e-9ee4-b6585f1e171b','code_generate_complete','tutorial','{\"language\": \"en\", \"timestamp\": 1750387434.479045, \"current_step\": \"generate\", \"has_code_snippet\": true, \"current_iteration\": 1}',0,1,'2025-06-20 02:43:54'),(6,'b23e9340-4929-462e-9ee4-b6585f1e171b','code_ready_for_review','tutorial','{\"language\": \"en\", \"timestamp\": 1750387434.5373707, \"current_step\": \"generate\", \"has_code_snippet\": true, \"current_iteration\": 1}',0,1,'2025-06-20 02:43:54'),(7,'b23e9340-4929-462e-9ee4-b6585f1e171b','submit_review','tutorial','{\"language\": \"en\", \"timestamp\": 1750387474.584745, \"current_step\": \"generate\", \"has_code_snippet\": true, \"current_iteration\": 1}',0,1,'2025-06-20 02:44:34'),(8,'b23e9340-4929-462e-9ee4-b6585f1e171b','review_analysis_complete','tutorial','{\"language\": \"en\", \"timestamp\": 1750387477.360895, \"current_step\": \"generate\", \"has_code_snippet\": true, \"current_iteration\": 1}',0,1,'2025-06-20 02:44:37'),(9,'b23e9340-4929-462e-9ee4-b6585f1e171b','code_generate_complete','tutorial','{\"language\": \"en\", \"timestamp\": 1750404954.5587535, \"current_step\": \"generate\", \"has_code_snippet\": true, \"current_iteration\": 1}',0,1,'2025-06-20 07:35:54'),(10,'b23e9340-4929-462e-9ee4-b6585f1e171b','code_ready_for_review','tutorial','{\"language\": \"en\", \"timestamp\": 1750404954.6144483, \"current_step\": \"generate\", \"has_code_snippet\": true, \"current_iteration\": 1}',0,1,'2025-06-20 07:35:54'),(11,'b23e9340-4929-462e-9ee4-b6585f1e171b','code_generate_complete','tutorial','{\"language\": \"en\", \"timestamp\": 1750404992.8716047, \"current_step\": \"generate\", \"has_code_snippet\": true, \"current_iteration\": 1}',0,1,'2025-06-20 07:36:32'),(12,'b23e9340-4929-462e-9ee4-b6585f1e171b','code_ready_for_review','tutorial','{\"language\": \"en\", \"timestamp\": 1750404992.924539, \"current_step\": \"generate\", \"has_code_snippet\": true, \"current_iteration\": 1}',0,1,'2025-06-20 07:36:32'),(13,'b23e9340-4929-462e-9ee4-b6585f1e171b','select_category','practice','{\"language\": \"en\", \"timestamp\": 1750405147.2484734, \"user_level\": \"Basic\", \"workflow_step\": \"generate\", \"selected_categories\": []}',0,1,'2025-06-20 07:39:07'),(14,'b23e9340-4929-462e-9ee4-b6585f1e171b','start_generate','practice','{\"language\": \"en\", \"timestamp\": 1750405159.3670657, \"user_level\": \"Basic\", \"workflow_step\": \"generate\", \"selected_categories\": [\"Logical Errors\"]}',0,1,'2025-06-20 07:39:19'),(15,'b23e9340-4929-462e-9ee4-b6585f1e171b','generate_completed','pratice','{\"language\": \"en\", \"timestamp\": 1750405161.7752206, \"user_level\": \"Basic\", \"workflow_step\": \"generate\", \"selected_categories\": [\"Logical Errors\"]}',0,1,'2025-06-20 07:39:21'),(16,'b23e9340-4929-462e-9ee4-b6585f1e171b','submit_review','practice','{\"language\": \"en\", \"timestamp\": 1750405263.6643782, \"current_step\": \"review\", \"has_code_snippet\": true, \"current_iteration\": 1}',0,1,'2025-06-20 07:41:03'),(17,'b23e9340-4929-462e-9ee4-b6585f1e171b','submit_review','practice','{\"language\": \"en\", \"timestamp\": 1750405374.719331, \"current_step\": \"analyze\", \"has_code_snippet\": true, \"current_iteration\": 2}',0,1,'2025-06-20 07:42:54'),(18,'b23e9340-4929-462e-9ee4-b6585f1e171b','view_badge_showcase','practice','{\"language\": \"en\", \"timestamp\": 1750405378.938002, \"has_review_history\": true}',0,1,'2025-06-20 07:42:58'),(19,'b23e9340-4929-462e-9ee4-b6585f1e171b','code_generate_complete','tutorial','{\"language\": \"zh\", \"timestamp\": 1750525571.5152457, \"current_step\": \"generate\", \"has_code_snippet\": true, \"current_iteration\": 1}',0,1,'2025-06-21 17:06:11'),(20,'b23e9340-4929-462e-9ee4-b6585f1e171b','code_ready_for_review','tutorial','{\"language\": \"zh\", \"timestamp\": 1750525571.572958, \"current_step\": \"generate\", \"has_code_snippet\": true, \"current_iteration\": 1}',0,1,'2025-06-21 17:06:11'),(21,'b23e9340-4929-462e-9ee4-b6585f1e171b','submit_review','tutorial','{\"language\": \"zh\", \"timestamp\": 1750525626.190641, \"current_step\": \"generate\", \"has_code_snippet\": true, \"current_iteration\": 1}',0,1,'2025-06-21 17:07:06'),(22,'b23e9340-4929-462e-9ee4-b6585f1e171b','review_analysis_complete','tutorial','{\"language\": \"zh\", \"timestamp\": 1750525629.5843265, \"current_step\": \"generate\", \"has_code_snippet\": true, \"current_iteration\": 1}',0,1,'2025-06-21 17:07:09'),(23,'b23e9340-4929-462e-9ee4-b6585f1e171b','select_category','practice','{\"language\": \"zh\", \"timestamp\": 1750525658.627039, \"user_level\": \"基礎\", \"workflow_step\": \"generate\", \"selected_categories\": []}',0,1,'2025-06-21 17:07:38'),(24,'b23e9340-4929-462e-9ee4-b6585f1e171b','start_generate','practice','{\"language\": \"zh\", \"timestamp\": 1750525661.7011926, \"user_level\": \"基礎\", \"workflow_step\": \"generate\", \"selected_categories\": [\"Java特定錯誤\"]}',0,1,'2025-06-21 17:07:41'),(25,'b23e9340-4929-462e-9ee4-b6585f1e171b','generate_completed','pratice','{\"language\": \"zh\", \"timestamp\": 1750525664.0884233, \"user_level\": \"基礎\", \"workflow_step\": \"generate\", \"selected_categories\": [\"Java特定錯誤\"]}',0,1,'2025-06-21 17:07:44'),(26,'b23e9340-4929-462e-9ee4-b6585f1e171b','submit_review','practice','{\"language\": \"zh\", \"timestamp\": 1750525693.4376595, \"current_step\": \"review\", \"has_code_snippet\": true, \"current_iteration\": 1}',0,1,'2025-06-21 17:08:13'),(27,'b23e9340-4929-462e-9ee4-b6585f1e171b','view_badge_showcase','practice','{\"language\": \"zh\", \"timestamp\": 1750525697.213088, \"has_review_history\": true}',0,1,'2025-06-21 17:08:17'),(28,'b23e9340-4929-462e-9ee4-b6585f1e171b','view_badge_showcase','practice','{\"language\": \"zh\", \"timestamp\": 1750525710.6091924, \"has_review_history\": true}',0,1,'2025-06-21 17:08:30'),(29,'b23e9340-4929-462e-9ee4-b6585f1e171b','select_category','practice','{\"language\": \"zh\", \"timestamp\": 1750525715.842952, \"user_level\": \"基礎\", \"workflow_step\": \"generate\", \"selected_categories\": []}',0,1,'2025-06-21 17:08:35'),(30,'b23e9340-4929-462e-9ee4-b6585f1e171b','start_generate','practice','{\"language\": \"zh\", \"timestamp\": 1750525725.8121352, \"user_level\": \"基礎\", \"workflow_step\": \"generate\", \"selected_categories\": [\"邏輯錯誤\"]}',0,1,'2025-06-21 17:08:45'),(31,'b23e9340-4929-462e-9ee4-b6585f1e171b','generate_completed','pratice','{\"language\": \"zh\", \"timestamp\": 1750525728.971796, \"user_level\": \"基礎\", \"workflow_step\": \"generate\", \"selected_categories\": [\"邏輯錯誤\"]}',0,1,'2025-06-21 17:08:48'),(32,'b23e9340-4929-462e-9ee4-b6585f1e171b','select_category','practice','{\"language\": \"en\", \"timestamp\": 1750525820.315681, \"user_level\": \"Basic\", \"workflow_step\": \"generate\", \"selected_categories\": []}',0,1,'2025-06-21 17:10:20'),(33,'b23e9340-4929-462e-9ee4-b6585f1e171b','start_generate','practice','{\"language\": \"en\", \"timestamp\": 1750525824.484149, \"user_level\": \"Basic\", \"workflow_step\": \"generate\", \"selected_categories\": [\"Logical Errors\"]}',0,1,'2025-06-21 17:10:24'),(34,'b23e9340-4929-462e-9ee4-b6585f1e171b','generate_completed','pratice','{\"language\": \"en\", \"timestamp\": 1750525827.1056445, \"user_level\": \"Basic\", \"workflow_step\": \"generate\", \"selected_categories\": [\"Logical Errors\"]}',0,1,'2025-06-21 17:10:27'),(35,'b23e9340-4929-462e-9ee4-b6585f1e171b','select_category','practice','{\"language\": \"en\", \"timestamp\": 1750525888.8422945, \"user_level\": \"Basic\", \"workflow_step\": \"generate\", \"selected_categories\": []}',0,1,'2025-06-21 17:11:28'),(36,'b23e9340-4929-462e-9ee4-b6585f1e171b','start_generate','practice','{\"language\": \"en\", \"timestamp\": 1750525894.1696632, \"user_level\": \"Basic\", \"workflow_step\": \"generate\", \"selected_categories\": [\"Logical Errors\"]}',0,1,'2025-06-21 17:11:34'),(37,'b23e9340-4929-462e-9ee4-b6585f1e171b','generate_completed','pratice','{\"language\": \"en\", \"timestamp\": 1750525896.5009904, \"user_level\": \"Basic\", \"workflow_step\": \"generate\", \"selected_categories\": [\"Logical Errors\"]}',0,1,'2025-06-21 17:11:36'),(38,'b23e9340-4929-462e-9ee4-b6585f1e171b','select_category','practice','{\"language\": \"en\", \"timestamp\": 1750749783.096871, \"user_level\": \"Basic\", \"workflow_step\": \"generate\", \"selected_categories\": []}',0,1,'2025-06-24 07:23:03'),(39,'b23e9340-4929-462e-9ee4-b6585f1e171b','start_generate','practice','{\"language\": \"en\", \"timestamp\": 1750749787.0661728, \"user_level\": \"Basic\", \"workflow_step\": \"generate\", \"selected_categories\": [\"Logical Errors\"]}',0,1,'2025-06-24 07:23:07'),(40,'b23e9340-4929-462e-9ee4-b6585f1e171b','generate_completed','pratice','{\"language\": \"en\", \"timestamp\": 1750749789.3164637, \"user_level\": \"Basic\", \"workflow_step\": \"generate\", \"selected_categories\": [\"Logical Errors\"]}',0,1,'2025-06-24 07:23:09'),(41,'b23e9340-4929-462e-9ee4-b6585f1e171b','submit_review','practice','{\"language\": \"en\", \"timestamp\": 1750749831.3956027, \"current_step\": \"review\", \"has_code_snippet\": true, \"current_iteration\": 1}',0,1,'2025-06-24 07:23:51'),(42,'b23e9340-4929-462e-9ee4-b6585f1e171b','view_badge_showcase','practice','{\"language\": \"en\", \"timestamp\": 1750749835.09482, \"has_review_history\": true}',0,1,'2025-06-24 07:23:55'),(43,'b23e9340-4929-462e-9ee4-b6585f1e171b','view_badge_showcase','practice','{\"language\": \"en\", \"timestamp\": 1750749843.1860194, \"has_review_history\": true}',0,1,'2025-06-24 07:24:03'),(44,'b23e9340-4929-462e-9ee4-b6585f1e171b','code_generate_complete','tutorial','{\"language\": \"en\", \"timestamp\": 1750749868.8674493, \"current_step\": \"generate\", \"has_code_snippet\": true, \"current_iteration\": 1}',0,1,'2025-06-24 07:24:28'),(45,'b23e9340-4929-462e-9ee4-b6585f1e171b','code_ready_for_review','tutorial','{\"language\": \"en\", \"timestamp\": 1750749868.9255843, \"current_step\": \"generate\", \"has_code_snippet\": true, \"current_iteration\": 1}',0,1,'2025-06-24 07:24:28'),(46,'00367b29-82f3-46ab-91a4-09984f21a688','code_generate_complete','tutorial','{\"language\": \"en\", \"timestamp\": 1751595693.7508264, \"current_step\": \"generate\", \"has_code_snippet\": true, \"current_iteration\": 1}',0,1,'2025-07-04 02:21:33'),(47,'00367b29-82f3-46ab-91a4-09984f21a688','code_ready_for_review','tutorial','{\"language\": \"en\", \"timestamp\": 1751595693.8056917, \"current_step\": \"generate\", \"has_code_snippet\": true, \"current_iteration\": 1}',0,1,'2025-07-04 02:21:33'),(48,'00367b29-82f3-46ab-91a4-09984f21a688','submit_review','tutorial','{\"language\": \"en\", \"timestamp\": 1751595756.1500163, \"current_step\": \"generate\", \"has_code_snippet\": true, \"current_iteration\": 1}',0,1,'2025-07-04 02:22:36'),(49,'00367b29-82f3-46ab-91a4-09984f21a688','review_analysis_complete','tutorial','{\"language\": \"en\", \"timestamp\": 1751595758.5859566, \"current_step\": \"generate\", \"has_code_snippet\": true, \"current_iteration\": 1}',0,1,'2025-07-04 02:22:38'),(50,'00367b29-82f3-46ab-91a4-09984f21a688','select_category','practice','{\"language\": \"en\", \"timestamp\": 1751596240.522522, \"user_level\": \"Basic\", \"workflow_step\": \"generate\", \"selected_categories\": []}',0,1,'2025-07-04 02:30:40'),(51,'00367b29-82f3-46ab-91a4-09984f21a688','start_generate','practice','{\"language\": \"en\", \"timestamp\": 1751596250.5335388, \"user_level\": \"Basic\", \"workflow_step\": \"generate\", \"selected_categories\": [\"Logical Errors\"]}',0,1,'2025-07-04 02:30:50'),(52,'00367b29-82f3-46ab-91a4-09984f21a688','generate_completed','pratice','{\"language\": \"en\", \"timestamp\": 1751596252.700276, \"user_level\": \"Basic\", \"workflow_step\": \"generate\", \"selected_categories\": [\"Logical Errors\"]}',0,1,'2025-07-04 02:30:52'),(53,'00367b29-82f3-46ab-91a4-09984f21a688','submit_review','practice','{\"language\": \"en\", \"timestamp\": 1751596416.194683, \"current_step\": \"review\", \"has_code_snippet\": true, \"current_iteration\": 1}',0,1,'2025-07-04 02:33:36'),(54,'00367b29-82f3-46ab-91a4-09984f21a688','view_badge_showcase','practice','{\"language\": \"en\", \"timestamp\": 1751596419.5124233, \"has_review_history\": true}',0,1,'2025-07-04 02:33:39'),(55,'b23e9340-4929-462e-9ee4-b6585f1e171b','code_generate_complete','tutorial','{\"language\": \"en\", \"timestamp\": 1753108464.6925082, \"current_step\": \"generate\", \"has_code_snippet\": true, \"current_iteration\": 1}',0,1,'2025-07-21 14:34:24'),(56,'b23e9340-4929-462e-9ee4-b6585f1e171b','code_ready_for_review','tutorial','{\"language\": \"en\", \"timestamp\": 1753108464.7524242, \"current_step\": \"generate\", \"has_code_snippet\": true, \"current_iteration\": 1}',0,1,'2025-07-21 14:34:24'),(57,'4d9c1c86-b02a-4ac9-9982-de5d289fb35e','code_generate_complete','tutorial','{\"language\": \"en\", \"timestamp\": 1754312694.9845307, \"current_step\": \"generate\", \"has_code_snippet\": true, \"current_iteration\": 1}',0,1,'2025-08-04 13:04:54'),(58,'4d9c1c86-b02a-4ac9-9982-de5d289fb35e','code_ready_for_review','tutorial','{\"language\": \"en\", \"timestamp\": 1754312695.0409162, \"current_step\": \"generate\", \"has_code_snippet\": true, \"current_iteration\": 1}',0,1,'2025-08-04 13:04:55'),(59,'4d9c1c86-b02a-4ac9-9982-de5d289fb35e','submit_review','tutorial','{\"language\": \"en\", \"timestamp\": 1754312786.906411, \"current_step\": \"generate\", \"has_code_snippet\": true, \"current_iteration\": 1}',0,1,'2025-08-04 13:06:26'),(60,'4d9c1c86-b02a-4ac9-9982-de5d289fb35e','review_analysis_complete','tutorial','{\"language\": \"en\", \"timestamp\": 1754312790.7166207, \"current_step\": \"generate\", \"has_code_snippet\": true, \"current_iteration\": 1}',0,1,'2025-08-04 13:06:30'),(61,'4d9c1c86-b02a-4ac9-9982-de5d289fb35e','code_generate_complete','tutorial','{\"language\": \"en\", \"timestamp\": 1754312830.960579, \"current_step\": \"generate\", \"has_code_snippet\": true, \"current_iteration\": 1}',0,1,'2025-08-04 13:07:10'),(62,'4d9c1c86-b02a-4ac9-9982-de5d289fb35e','code_ready_for_review','tutorial','{\"language\": \"en\", \"timestamp\": 1754312831.015226, \"current_step\": \"generate\", \"has_code_snippet\": true, \"current_iteration\": 1}',0,1,'2025-08-04 13:07:11'),(63,'4d9c1c86-b02a-4ac9-9982-de5d289fb35e','submit_review','tutorial','{\"language\": \"en\", \"timestamp\": 1754312864.5820024, \"current_step\": \"generate\", \"has_code_snippet\": true, \"current_iteration\": 1}',0,1,'2025-08-04 13:07:44'),(64,'4d9c1c86-b02a-4ac9-9982-de5d289fb35e','review_analysis_complete','tutorial','{\"language\": \"en\", \"timestamp\": 1754312868.001091, \"current_step\": \"generate\", \"has_code_snippet\": true, \"current_iteration\": 1}',0,1,'2025-08-04 13:07:48'),(71,'b23e9340-4929-462e-9ee4-b6585f1e171b','code_generate_complete','tutorial','{\"language\": \"en\", \"timestamp\": 1754462035.0566852, \"current_step\": \"generate\", \"has_code_snippet\": true, \"current_iteration\": 1}',0,1,'2025-08-06 06:33:55'),(72,'b23e9340-4929-462e-9ee4-b6585f1e171b','code_ready_for_review','tutorial','{\"language\": \"en\", \"timestamp\": 1754462035.1115043, \"current_step\": \"generate\", \"has_code_snippet\": true, \"current_iteration\": 1}',0,1,'2025-08-06 06:33:55'),(73,'5132a67a-400b-4c7e-aebf-4a2ac84ea775','code_generate_complete','tutorial','{\"language\": \"en\", \"timestamp\": 1754529713.3879626, \"current_step\": \"generate\", \"has_code_snippet\": true, \"current_iteration\": 1}',0,1,'2025-08-07 01:21:53'),(74,'5132a67a-400b-4c7e-aebf-4a2ac84ea775','code_ready_for_review','tutorial','{\"language\": \"en\", \"timestamp\": 1754529713.44567, \"current_step\": \"generate\", \"has_code_snippet\": true, \"current_iteration\": 1}',0,1,'2025-08-07 01:21:53'),(75,'8b422c25-d491-44b4-8342-2eeee465362c','code_generate_complete','tutorial','{\"language\": \"en\", \"timestamp\": 1754529899.702047, \"current_step\": \"generate\", \"has_code_snippet\": true, \"current_iteration\": 1}',0,1,'2025-08-07 01:24:59'),(76,'8b422c25-d491-44b4-8342-2eeee465362c','code_ready_for_review','tutorial','{\"language\": \"en\", \"timestamp\": 1754529899.7630122, \"current_step\": \"generate\", \"has_code_snippet\": true, \"current_iteration\": 1}',0,1,'2025-08-07 01:24:59'),(77,'8b422c25-d491-44b4-8342-2eeee465362c','submit_review','tutorial','{\"language\": \"en\", \"timestamp\": 1754530038.4490192, \"current_step\": \"generate\", \"has_code_snippet\": true, \"current_iteration\": 1}',0,1,'2025-08-07 01:27:18'),(78,'8b422c25-d491-44b4-8342-2eeee465362c','submit_review','tutorial','{\"language\": \"en\", \"timestamp\": 1754530316.5025833, \"current_step\": \"generate\", \"has_code_snippet\": true, \"current_iteration\": 1}',0,1,'2025-08-07 01:31:56'),(79,'8b422c25-d491-44b4-8342-2eeee465362c','submit_review','tutorial','{\"language\": \"en\", \"timestamp\": 1754530340.897745, \"current_step\": \"generate\", \"has_code_snippet\": true, \"current_iteration\": 1}',0,1,'2025-08-07 01:32:20'),(80,'8b422c25-d491-44b4-8342-2eeee465362c','review_analysis_complete','tutorial','{\"language\": \"en\", \"timestamp\": 1754530344.3118885, \"current_step\": \"generate\", \"has_code_snippet\": true, \"current_iteration\": 1}',0,1,'2025-08-07 01:32:24'),(81,'5132a67a-400b-4c7e-aebf-4a2ac84ea775','code_generate_complete','tutorial','{\"language\": \"en\", \"timestamp\": 1754533085.7778354, \"current_step\": \"generate\", \"has_code_snippet\": true, \"current_iteration\": 1}',0,1,'2025-08-07 02:18:05'),(82,'5132a67a-400b-4c7e-aebf-4a2ac84ea775','code_ready_for_review','tutorial','{\"language\": \"en\", \"timestamp\": 1754533085.834395, \"current_step\": \"generate\", \"has_code_snippet\": true, \"current_iteration\": 1}',0,1,'2025-08-07 02:18:05'),(83,'5132a67a-400b-4c7e-aebf-4a2ac84ea775','submit_review','tutorial','{\"language\": \"en\", \"timestamp\": 1754533118.1122315, \"current_step\": \"generate\", \"has_code_snippet\": true, \"current_iteration\": 1}',0,1,'2025-08-07 02:18:38'),(84,'5132a67a-400b-4c7e-aebf-4a2ac84ea775','review_analysis_complete','tutorial','{\"language\": \"en\", \"timestamp\": 1754533121.5719564, \"current_step\": \"generate\", \"has_code_snippet\": true, \"current_iteration\": 1}',0,1,'2025-08-07 02:18:41'),(85,'67ae3a5a-4420-4528-9a2c-88fb6fb92824','code_generate_complete','tutorial','{\"language\": \"en\", \"timestamp\": 1754616426.1157992, \"current_step\": \"generate\", \"has_code_snippet\": true, \"current_iteration\": 1}',0,1,'2025-08-08 01:27:06'),(86,'67ae3a5a-4420-4528-9a2c-88fb6fb92824','code_ready_for_review','tutorial','{\"language\": \"en\", \"timestamp\": 1754616426.1703331, \"current_step\": \"generate\", \"has_code_snippet\": true, \"current_iteration\": 1}',0,1,'2025-08-08 01:27:06'),(87,'67ae3a5a-4420-4528-9a2c-88fb6fb92824','submit_review','tutorial','{\"language\": \"en\", \"timestamp\": 1754616503.1422648, \"current_step\": \"generate\", \"has_code_snippet\": true, \"current_iteration\": 1}',0,1,'2025-08-08 01:28:23'),(88,'67ae3a5a-4420-4528-9a2c-88fb6fb92824','review_analysis_complete','tutorial','{\"language\": \"en\", \"timestamp\": 1754616505.9029503, \"current_step\": \"generate\", \"has_code_snippet\": true, \"current_iteration\": 1}',0,1,'2025-08-08 01:28:25'),(94,'b4be301a-18d3-48c9-9e76-15dac33bce5d','code_generate_complete','tutorial','{\"language\": \"en\", \"timestamp\": 1754820988.2717812, \"current_step\": \"generate\", \"has_code_snippet\": true, \"current_iteration\": 1}',0,1,'2025-08-10 10:16:28'),(95,'b4be301a-18d3-48c9-9e76-15dac33bce5d','code_ready_for_review','tutorial','{\"language\": \"en\", \"timestamp\": 1754820988.328221, \"current_step\": \"generate\", \"has_code_snippet\": true, \"current_iteration\": 1}',0,1,'2025-08-10 10:16:28'),(96,'b4be301a-18d3-48c9-9e76-15dac33bce5d','code_generate_complete','tutorial','{\"language\": \"en\", \"timestamp\": 1754839039.2290435, \"current_step\": \"generate\", \"has_code_snippet\": true, \"current_iteration\": 1}',0,1,'2025-08-10 15:17:19'),(97,'b4be301a-18d3-48c9-9e76-15dac33bce5d','code_ready_for_review','tutorial','{\"language\": \"en\", \"timestamp\": 1754839039.2835872, \"current_step\": \"generate\", \"has_code_snippet\": true, \"current_iteration\": 1}',0,1,'2025-08-10 15:17:19'),(98,'b4be301a-18d3-48c9-9e76-15dac33bce5d','code_generate_complete','tutorial','{\"language\": \"en\", \"timestamp\": 1754839102.7924433, \"current_step\": \"generate\", \"has_code_snippet\": true, \"current_iteration\": 1}',0,1,'2025-08-10 15:18:22'),(99,'b4be301a-18d3-48c9-9e76-15dac33bce5d','code_ready_for_review','tutorial','{\"language\": \"en\", \"timestamp\": 1754839102.8492312, \"current_step\": \"generate\", \"has_code_snippet\": true, \"current_iteration\": 1}',0,1,'2025-08-10 15:18:22'),(100,'b4be301a-18d3-48c9-9e76-15dac33bce5d','submit_review','tutorial','{\"language\": \"en\", \"timestamp\": 1754839174.8481688, \"current_step\": \"generate\", \"has_code_snippet\": true, \"current_iteration\": 1}',0,1,'2025-08-10 15:19:34'),(101,'b4be301a-18d3-48c9-9e76-15dac33bce5d','review_analysis_complete','tutorial','{\"language\": \"en\", \"timestamp\": 1754839178.2820654, \"current_step\": \"generate\", \"has_code_snippet\": true, \"current_iteration\": 1}',0,1,'2025-08-10 15:19:38'),(102,'b4be301a-18d3-48c9-9e76-15dac33bce5d','code_generate_complete','tutorial','{\"language\": \"en\", \"timestamp\": 1754839192.256087, \"current_step\": \"generate\", \"has_code_snippet\": true, \"current_iteration\": 1}',0,1,'2025-08-10 15:19:52'),(103,'b4be301a-18d3-48c9-9e76-15dac33bce5d','code_ready_for_review','tutorial','{\"language\": \"en\", \"timestamp\": 1754839192.3131006, \"current_step\": \"generate\", \"has_code_snippet\": true, \"current_iteration\": 1}',0,1,'2025-08-10 15:19:52'),(104,'b4be301a-18d3-48c9-9e76-15dac33bce5d','submit_review','tutorial','{\"language\": \"en\", \"timestamp\": 1754839223.1420898, \"current_step\": \"generate\", \"has_code_snippet\": true, \"current_iteration\": 1}',0,1,'2025-08-10 15:20:23'),(105,'b4be301a-18d3-48c9-9e76-15dac33bce5d','review_analysis_complete','tutorial','{\"language\": \"en\", \"timestamp\": 1754839226.5588806, \"current_step\": \"generate\", \"has_code_snippet\": true, \"current_iteration\": 1}',0,1,'2025-08-10 15:20:26'),(106,'b4be301a-18d3-48c9-9e76-15dac33bce5d','regenerate_tutorial_code','tutorial','{\"language\": \"en\", \"timestamp\": 1754839250.5123143, \"current_step\": \"generate\", \"has_code_snippet\": true, \"current_iteration\": 1}',0,1,'2025-08-10 15:20:50'),(107,'b4be301a-18d3-48c9-9e76-15dac33bce5d','code_generate_complete','tutorial','{\"language\": \"en\", \"timestamp\": 1754839254.0829508, \"current_step\": \"generate\", \"has_code_snippet\": true, \"current_iteration\": 1}',0,1,'2025-08-10 15:20:54'),(108,'b4be301a-18d3-48c9-9e76-15dac33bce5d','code_ready_for_review','tutorial','{\"language\": \"en\", \"timestamp\": 1754839254.1374133, \"current_step\": \"generate\", \"has_code_snippet\": true, \"current_iteration\": 1}',0,1,'2025-08-10 15:20:54'),(109,'b4be301a-18d3-48c9-9e76-15dac33bce5d','submit_review','tutorial','{\"language\": \"en\", \"timestamp\": 1754839295.1070368, \"current_step\": \"generate\", \"has_code_snippet\": true, \"current_iteration\": 1}',0,1,'2025-08-10 15:21:35'),(110,'b4be301a-18d3-48c9-9e76-15dac33bce5d','review_analysis_complete','tutorial','{\"language\": \"en\", \"timestamp\": 1754839298.4410138, \"current_step\": \"generate\", \"has_code_snippet\": true, \"current_iteration\": 1}',0,1,'2025-08-10 15:21:38'),(111,'b4be301a-18d3-48c9-9e76-15dac33bce5d','code_generate_complete','tutorial','{\"language\": \"en\", \"timestamp\": 1754839308.545308, \"current_step\": \"generate\", \"has_code_snippet\": true, \"current_iteration\": 1}',0,1,'2025-08-10 15:21:48'),(112,'b4be301a-18d3-48c9-9e76-15dac33bce5d','code_ready_for_review','tutorial','{\"language\": \"en\", \"timestamp\": 1754839308.6009269, \"current_step\": \"generate\", \"has_code_snippet\": true, \"current_iteration\": 1}',0,1,'2025-08-10 15:21:48'),(113,'b4be301a-18d3-48c9-9e76-15dac33bce5d','submit_review','tutorial','{\"language\": \"en\", \"timestamp\": 1754839347.93463, \"current_step\": \"generate\", \"has_code_snippet\": true, \"current_iteration\": 1}',0,1,'2025-08-10 15:22:27'),(114,'b4be301a-18d3-48c9-9e76-15dac33bce5d','review_analysis_complete','tutorial','{\"language\": \"en\", \"timestamp\": 1754839351.5569687, \"current_step\": \"generate\", \"has_code_snippet\": true, \"current_iteration\": 1}',0,1,'2025-08-10 15:22:31'),(115,'b4be301a-18d3-48c9-9e76-15dac33bce5d','select_category','practice','{\"language\": \"en\", \"timestamp\": 1754839391.266234, \"user_level\": \"Basic\", \"workflow_step\": \"generate\", \"selected_categories\": []}',0,1,'2025-08-10 15:23:11'),(116,'b4be301a-18d3-48c9-9e76-15dac33bce5d','start_generate','practice','{\"language\": \"en\", \"timestamp\": 1754839395.41864, \"user_level\": \"Basic\", \"workflow_step\": \"generate\", \"selected_categories\": [\"Logical Errors\"]}',0,1,'2025-08-10 15:23:15'),(117,'b4be301a-18d3-48c9-9e76-15dac33bce5d','generate_completed','pratice','{\"language\": \"en\", \"timestamp\": 1754839398.1118326, \"user_level\": \"Basic\", \"workflow_step\": \"generate\", \"selected_categories\": [\"Logical Errors\"]}',0,1,'2025-08-10 15:23:18'),(118,'b4be301a-18d3-48c9-9e76-15dac33bce5d','submit_review','practice','{\"language\": \"en\", \"timestamp\": 1754839429.4783232, \"current_step\": \"review\", \"has_code_snippet\": true, \"current_iteration\": 1}',0,1,'2025-08-10 15:23:49'),(119,'b4be301a-18d3-48c9-9e76-15dac33bce5d','view_badge_showcase','practice','{\"language\": \"en\", \"timestamp\": 1754839433.4405448, \"has_review_history\": true}',0,1,'2025-08-10 15:23:53'),(120,'b4be301a-18d3-48c9-9e76-15dac33bce5d','view_badge_showcase','practice','{\"language\": \"en\", \"timestamp\": 1754839457.3265903, \"has_review_history\": true}',0,1,'2025-08-10 15:24:17'),(121,'b4be301a-18d3-48c9-9e76-15dac33bce5d','select_category','practice','{\"language\": \"en\", \"timestamp\": 1754839462.1138494, \"user_level\": \"Basic\", \"workflow_step\": \"generate\", \"selected_categories\": []}',0,1,'2025-08-10 15:24:22'),(122,'b4be301a-18d3-48c9-9e76-15dac33bce5d','select_category','practice','{\"language\": \"en\", \"timestamp\": 1754839463.4923844, \"user_level\": \"Basic\", \"workflow_step\": \"generate\", \"selected_categories\": [\"Syntax Errors\"]}',0,1,'2025-08-10 15:24:23'),(123,'b4be301a-18d3-48c9-9e76-15dac33bce5d','start_generate','practice','{\"language\": \"en\", \"timestamp\": 1754839468.8365223, \"user_level\": \"Basic\", \"workflow_step\": \"generate\", \"selected_categories\": [\"Logical Errors\", \"Syntax Errors\", \"Code Quality\", \"Standard Violation\", \"Java Specific\"]}',0,1,'2025-08-10 15:24:28'),(124,'b4be301a-18d3-48c9-9e76-15dac33bce5d','generate_completed','pratice','{\"language\": \"en\", \"timestamp\": 1754839471.5177915, \"user_level\": \"Basic\", \"workflow_step\": \"generate\", \"selected_categories\": [\"Logical Errors\", \"Syntax Errors\", \"Code Quality\", \"Standard Violation\", \"Java Specific\"]}',0,1,'2025-08-10 15:24:31'),(125,'b4be301a-18d3-48c9-9e76-15dac33bce5d','submit_review','practice','{\"language\": \"en\", \"timestamp\": 1754839507.6344292, \"current_step\": \"review\", \"has_code_snippet\": true, \"current_iteration\": 1}',0,1,'2025-08-10 15:25:07'),(126,'b4be301a-18d3-48c9-9e76-15dac33bce5d','view_badge_showcase','practice','{\"language\": \"en\", \"timestamp\": 1754839511.9253657, \"has_review_history\": true}',0,1,'2025-08-10 15:25:11'),(127,'b4be301a-18d3-48c9-9e76-15dac33bce5d','code_generate_complete','tutorial','{\"language\": \"en\", \"timestamp\": 1754877721.870516, \"current_step\": \"generate\", \"has_code_snippet\": true, \"current_iteration\": 1}',0,1,'2025-08-11 02:02:01'),(128,'b4be301a-18d3-48c9-9e76-15dac33bce5d','code_ready_for_review','tutorial','{\"language\": \"en\", \"timestamp\": 1754877721.92819, \"current_step\": \"generate\", \"has_code_snippet\": true, \"current_iteration\": 1}',0,1,'2025-08-11 02:02:01'),(129,'b4be301a-18d3-48c9-9e76-15dac33bce5d','submit_review','tutorial','{\"language\": \"en\", \"timestamp\": 1754877957.229648, \"current_step\": \"generate\", \"has_code_snippet\": true, \"current_iteration\": 1}',0,1,'2025-08-11 02:05:57'),(130,'b4be301a-18d3-48c9-9e76-15dac33bce5d','review_analysis_complete','tutorial','{\"language\": \"en\", \"timestamp\": 1754877960.7863262, \"current_step\": \"generate\", \"has_code_snippet\": true, \"current_iteration\": 1}',0,1,'2025-08-11 02:06:00'),(131,'ed99293a-2d5f-4599-9871-090f79533c53','code_generate_complete','tutorial','{\"language\": \"en\", \"timestamp\": 1755441464.7336254, \"current_step\": \"generate\", \"has_code_snippet\": true, \"current_iteration\": 1}',0,1,'2025-08-17 14:37:44'),(132,'ed99293a-2d5f-4599-9871-090f79533c53','code_ready_for_review','tutorial','{\"language\": \"en\", \"timestamp\": 1755441464.7910511, \"current_step\": \"generate\", \"has_code_snippet\": true, \"current_iteration\": 1}',0,1,'2025-08-17 14:37:44'),(133,'ed99293a-2d5f-4599-9871-090f79533c53','submit_review','tutorial','{\"language\": \"en\", \"timestamp\": 1755441668.8898427, \"current_step\": \"generate\", \"has_code_snippet\": true, \"current_iteration\": 1}',0,1,'2025-08-17 14:41:08'),(134,'ed99293a-2d5f-4599-9871-090f79533c53','regenerate_tutorial_code','tutorial','{\"language\": \"en\", \"timestamp\": 1755441691.4982438, \"current_step\": \"generate\", \"has_code_snippet\": true, \"current_iteration\": 1}',0,1,'2025-08-17 14:41:31'),(135,'ed99293a-2d5f-4599-9871-090f79533c53','code_generate_complete','tutorial','{\"language\": \"en\", \"timestamp\": 1755441694.9921064, \"current_step\": \"generate\", \"has_code_snippet\": true, \"current_iteration\": 1}',0,1,'2025-08-17 14:41:34'),(136,'ed99293a-2d5f-4599-9871-090f79533c53','code_ready_for_review','tutorial','{\"language\": \"en\", \"timestamp\": 1755441695.050064, \"current_step\": \"generate\", \"has_code_snippet\": true, \"current_iteration\": 1}',0,1,'2025-08-17 14:41:35'),(137,'ed99293a-2d5f-4599-9871-090f79533c53','code_generate_complete','tutorial','{\"language\": \"en\", \"timestamp\": 1755441793.8968723, \"current_step\": \"generate\", \"has_code_snippet\": true, \"current_iteration\": 1}',0,1,'2025-08-17 14:43:13'),(138,'ed99293a-2d5f-4599-9871-090f79533c53','code_ready_for_review','tutorial','{\"language\": \"en\", \"timestamp\": 1755441793.9534314, \"current_step\": \"generate\", \"has_code_snippet\": true, \"current_iteration\": 1}',0,1,'2025-08-17 14:43:13'),(139,'ed99293a-2d5f-4599-9871-090f79533c53','start_generate','practice','{\"language\": \"zh\", \"timestamp\": 1755441905.5640578, \"user_level\": \"資深\", \"workflow_step\": \"generate\", \"selected_categories\": [\"邏輯錯誤\", \"語法錯誤\", \"程式碼品質\", \"標準違規\", \"Java特定錯誤\"]}',0,1,'2025-08-17 14:45:05'),(140,'ed99293a-2d5f-4599-9871-090f79533c53','generate_completed','pratice','{\"language\": \"zh\", \"timestamp\": 1755441909.0595903, \"user_level\": \"資深\", \"workflow_step\": \"generate\", \"selected_categories\": [\"邏輯錯誤\", \"語法錯誤\", \"程式碼品質\", \"標準違規\", \"Java特定錯誤\"]}',0,1,'2025-08-17 14:45:09'),(141,'ed99293a-2d5f-4599-9871-090f79533c53','code_generate_complete','tutorial','{\"language\": \"zh\", \"timestamp\": 1755442069.1235363, \"current_step\": \"review\", \"has_code_snippet\": true, \"current_iteration\": 1}',0,1,'2025-08-17 14:47:49'),(142,'ed99293a-2d5f-4599-9871-090f79533c53','code_ready_for_review','tutorial','{\"language\": \"zh\", \"timestamp\": 1755442069.1782026, \"current_step\": \"review\", \"has_code_snippet\": true, \"current_iteration\": 1}',0,1,'2025-08-17 14:47:49'),(143,'ed99293a-2d5f-4599-9871-090f79533c53','submit_review','tutorial','{\"language\": \"zh\", \"timestamp\": 1755442094.883453, \"current_step\": \"review\", \"has_code_snippet\": true, \"current_iteration\": 1}',0,1,'2025-08-17 14:48:14'),(144,'ed99293a-2d5f-4599-9871-090f79533c53','review_analysis_complete','tutorial','{\"language\": \"zh\", \"timestamp\": 1755442098.8155444, \"current_step\": \"review\", \"has_code_snippet\": true, \"current_iteration\": 1}',0,1,'2025-08-17 14:48:18'),(145,'13c95fee-af1b-4987-ad8c-a0457e1e64fc','code_generate_complete','tutorial','{\"language\": \"zh\", \"timestamp\": 1755495396.0848775, \"current_step\": \"generate\", \"has_code_snippet\": true, \"current_iteration\": 1}',0,1,'2025-08-18 05:36:36'),(146,'13c95fee-af1b-4987-ad8c-a0457e1e64fc','code_ready_for_review','tutorial','{\"language\": \"zh\", \"timestamp\": 1755495396.143764, \"current_step\": \"generate\", \"has_code_snippet\": true, \"current_iteration\": 1}',0,1,'2025-08-18 05:36:36'),(147,'7ccae358-2ec8-47bd-b634-2b74ba0ed238','code_generate_complete','tutorial','{\"language\": \"zh\", \"timestamp\": 1755568815.54416, \"current_step\": \"generate\", \"has_code_snippet\": true, \"current_iteration\": 1}',0,1,'2025-08-19 02:00:15'),(148,'7ccae358-2ec8-47bd-b634-2b74ba0ed238','code_ready_for_review','tutorial','{\"language\": \"zh\", \"timestamp\": 1755568815.60086, \"current_step\": \"generate\", \"has_code_snippet\": true, \"current_iteration\": 1}',0,1,'2025-08-19 02:00:15'),(149,'7ccae358-2ec8-47bd-b634-2b74ba0ed238','submit_review','tutorial','{\"language\": \"zh\", \"timestamp\": 1755569000.8734975, \"current_step\": \"generate\", \"has_code_snippet\": true, \"current_iteration\": 1}',0,1,'2025-08-19 02:03:20'),(150,'7ccae358-2ec8-47bd-b634-2b74ba0ed238','review_analysis_complete','tutorial','{\"language\": \"zh\", \"timestamp\": 1755569004.0569708, \"current_step\": \"generate\", \"has_code_snippet\": true, \"current_iteration\": 1}',0,1,'2025-08-19 02:03:24'),(151,'7ccae358-2ec8-47bd-b634-2b74ba0ed238','code_generate_complete','tutorial','{\"language\": \"zh\", \"timestamp\": 1755569083.3752851, \"current_step\": \"generate\", \"has_code_snippet\": true, \"current_iteration\": 1}',0,1,'2025-08-19 02:04:43'),(152,'7ccae358-2ec8-47bd-b634-2b74ba0ed238','code_ready_for_review','tutorial','{\"language\": \"zh\", \"timestamp\": 1755569083.431645, \"current_step\": \"generate\", \"has_code_snippet\": true, \"current_iteration\": 1}',0,1,'2025-08-19 02:04:43'),(153,'7ccae358-2ec8-47bd-b634-2b74ba0ed238','code_generate_complete','tutorial','{\"language\": \"zh\", \"timestamp\": 1755569235.0050578, \"current_step\": \"generate\", \"has_code_snippet\": true, \"current_iteration\": 1}',0,1,'2025-08-19 02:07:15'),(154,'7ccae358-2ec8-47bd-b634-2b74ba0ed238','code_ready_for_review','tutorial','{\"language\": \"zh\", \"timestamp\": 1755569235.0628288, \"current_step\": \"generate\", \"has_code_snippet\": true, \"current_iteration\": 1}',0,1,'2025-08-19 02:07:15'),(155,'7ccae358-2ec8-47bd-b634-2b74ba0ed238','submit_review','tutorial','{\"language\": \"zh\", \"timestamp\": 1755569240.1350894, \"current_step\": \"generate\", \"has_code_snippet\": true, \"current_iteration\": 1}',0,1,'2025-08-19 02:07:20'),(156,'7ccae358-2ec8-47bd-b634-2b74ba0ed238','review_analysis_complete','tutorial','{\"language\": \"zh\", \"timestamp\": 1755569243.2267454, \"current_step\": \"generate\", \"has_code_snippet\": true, \"current_iteration\": 1}',0,1,'2025-08-19 02:07:23'),(157,'a1ef04a3-ca9f-4ce0-a9ae-5320105baaeb','code_generate_complete','tutorial','{\"language\": \"zh\", \"timestamp\": 1755571542.7109766, \"current_step\": \"generate\", \"has_code_snippet\": true, \"current_iteration\": 1}',0,1,'2025-08-19 02:45:42'),(158,'a1ef04a3-ca9f-4ce0-a9ae-5320105baaeb','code_ready_for_review','tutorial','{\"language\": \"zh\", \"timestamp\": 1755571542.766596, \"current_step\": \"generate\", \"has_code_snippet\": true, \"current_iteration\": 1}',0,1,'2025-08-19 02:45:42'),(159,'a1ef04a3-ca9f-4ce0-a9ae-5320105baaeb','submit_review','tutorial','{\"language\": \"zh\", \"timestamp\": 1755571860.7789774, \"current_step\": \"generate\", \"has_code_snippet\": true, \"current_iteration\": 1}',0,1,'2025-08-19 02:51:00'),(160,'a1ef04a3-ca9f-4ce0-a9ae-5320105baaeb','review_analysis_complete','tutorial','{\"language\": \"zh\", \"timestamp\": 1755571863.9850347, \"current_step\": \"generate\", \"has_code_snippet\": true, \"current_iteration\": 1}',0,1,'2025-08-19 02:51:03'),(161,'a1ef04a3-ca9f-4ce0-a9ae-5320105baaeb','code_generate_complete','tutorial','{\"language\": \"zh\", \"timestamp\": 1755571881.0480125, \"current_step\": \"generate\", \"has_code_snippet\": true, \"current_iteration\": 1}',0,1,'2025-08-19 02:51:21'),(162,'a1ef04a3-ca9f-4ce0-a9ae-5320105baaeb','code_ready_for_review','tutorial','{\"language\": \"zh\", \"timestamp\": 1755571881.104952, \"current_step\": \"generate\", \"has_code_snippet\": true, \"current_iteration\": 1}',0,1,'2025-08-19 02:51:21'),(163,'7ccae358-2ec8-47bd-b634-2b74ba0ed238','select_category','practice','{\"language\": \"zh\", \"timestamp\": 1755571943.0330718, \"user_level\": \"基礎\", \"workflow_step\": \"generate\", \"selected_categories\": []}',0,1,'2025-08-19 02:52:23'),(164,'7ccae358-2ec8-47bd-b634-2b74ba0ed238','select_category','practice','{\"language\": \"zh\", \"timestamp\": 1755571947.9484727, \"user_level\": \"基礎\", \"workflow_step\": \"generate\", \"selected_categories\": [\"標準違規\"]}',0,1,'2025-08-19 02:52:27'),(165,'a1ef04a3-ca9f-4ce0-a9ae-5320105baaeb','code_generate_complete','tutorial','{\"language\": \"zh\", \"timestamp\": 1755571951.789171, \"current_step\": \"generate\", \"has_code_snippet\": true, \"current_iteration\": 1}',0,1,'2025-08-19 02:52:31'),(166,'a1ef04a3-ca9f-4ce0-a9ae-5320105baaeb','code_ready_for_review','tutorial','{\"language\": \"zh\", \"timestamp\": 1755571951.847028, \"current_step\": \"generate\", \"has_code_snippet\": true, \"current_iteration\": 1}',0,1,'2025-08-19 02:52:31'),(167,'7ccae358-2ec8-47bd-b634-2b74ba0ed238','code_generate_complete','tutorial','{\"language\": \"zh\", \"timestamp\": 1755572099.6804285, \"current_step\": \"generate\", \"has_code_snippet\": true, \"current_iteration\": 1}',0,1,'2025-08-19 02:54:59'),(168,'7ccae358-2ec8-47bd-b634-2b74ba0ed238','code_ready_for_review','tutorial','{\"language\": \"zh\", \"timestamp\": 1755572099.7342408, \"current_step\": \"generate\", \"has_code_snippet\": true, \"current_iteration\": 1}',0,1,'2025-08-19 02:54:59'),(169,'7ccae358-2ec8-47bd-b634-2b74ba0ed238','submit_review','tutorial','{\"language\": \"zh\", \"timestamp\": 1755572155.9238856, \"current_step\": \"generate\", \"has_code_snippet\": true, \"current_iteration\": 1}',0,1,'2025-08-19 02:55:55'),(170,'7ccae358-2ec8-47bd-b634-2b74ba0ed238','review_analysis_complete','tutorial','{\"language\": \"zh\", \"timestamp\": 1755572159.0646255, \"current_step\": \"generate\", \"has_code_snippet\": true, \"current_iteration\": 1}',0,1,'2025-08-19 02:55:59'),(171,'a1ef04a3-ca9f-4ce0-a9ae-5320105baaeb','submit_review','tutorial','{\"language\": \"zh\", \"timestamp\": 1755572333.058586, \"current_step\": \"generate\", \"has_code_snippet\": true, \"current_iteration\": 1}',0,1,'2025-08-19 02:58:53'),(172,'a1ef04a3-ca9f-4ce0-a9ae-5320105baaeb','review_analysis_complete','tutorial','{\"language\": \"zh\", \"timestamp\": 1755572336.3887875, \"current_step\": \"generate\", \"has_code_snippet\": true, \"current_iteration\": 1}',0,1,'2025-08-19 02:58:56'),(173,'7ccae358-2ec8-47bd-b634-2b74ba0ed238','code_generate_complete','tutorial','{\"language\": \"zh\", \"timestamp\": 1755572364.2528243, \"current_step\": \"generate\", \"has_code_snippet\": true, \"current_iteration\": 1}',0,1,'2025-08-19 02:59:24'),(174,'7ccae358-2ec8-47bd-b634-2b74ba0ed238','code_ready_for_review','tutorial','{\"language\": \"zh\", \"timestamp\": 1755572364.3099272, \"current_step\": \"generate\", \"has_code_snippet\": true, \"current_iteration\": 1}',0,1,'2025-08-19 02:59:24'),(175,'7ccae358-2ec8-47bd-b634-2b74ba0ed238','submit_review','tutorial','{\"language\": \"zh\", \"timestamp\": 1755572423.0536969, \"current_step\": \"generate\", \"has_code_snippet\": true, \"current_iteration\": 1}',0,1,'2025-08-19 03:00:23'),(176,'7ccae358-2ec8-47bd-b634-2b74ba0ed238','submit_review','tutorial','{\"language\": \"zh\", \"timestamp\": 1755572471.0070355, \"current_step\": \"generate\", \"has_code_snippet\": true, \"current_iteration\": 1}',0,1,'2025-08-19 03:01:11'),(177,'7ccae358-2ec8-47bd-b634-2b74ba0ed238','review_analysis_complete','tutorial','{\"language\": \"zh\", \"timestamp\": 1755572474.222832, \"current_step\": \"generate\", \"has_code_snippet\": true, \"current_iteration\": 1}',0,1,'2025-08-19 03:01:14'),(178,'b4be301a-18d3-48c9-9e76-15dac33bce5d','code_generate_complete','tutorial','{\"language\": \"en\", \"timestamp\": 1755771902.1779416, \"current_step\": \"generate\", \"has_code_snippet\": true, \"current_iteration\": 1}',0,1,'2025-08-21 10:25:02'),(179,'b4be301a-18d3-48c9-9e76-15dac33bce5d','code_ready_for_review','tutorial','{\"language\": \"en\", \"timestamp\": 1755771902.23412, \"current_step\": \"generate\", \"has_code_snippet\": true, \"current_iteration\": 1}',0,1,'2025-08-21 10:25:02'),(180,'b23e9340-4929-462e-9ee4-b6585f1e171b','code_generate_complete','tutorial','{\"language\": \"en\", \"timestamp\": 1755849317.789544, \"current_step\": \"generate\", \"has_code_snippet\": true, \"current_iteration\": 1}',0,1,'2025-08-22 07:55:17'),(181,'b23e9340-4929-462e-9ee4-b6585f1e171b','code_ready_for_review','tutorial','{\"language\": \"en\", \"timestamp\": 1755849317.8440063, \"current_step\": \"generate\", \"has_code_snippet\": true, \"current_iteration\": 1}',0,1,'2025-08-22 07:55:17'),(182,'45d03d68-52e0-4d83-b65b-cd2850a45959','code_generate_complete','tutorial','{\"language\": \"en\", \"timestamp\": 1755849580.584795, \"current_step\": \"generate\", \"has_code_snippet\": true, \"current_iteration\": 1}',0,1,'2025-08-22 07:59:40'),(183,'45d03d68-52e0-4d83-b65b-cd2850a45959','code_ready_for_review','tutorial','{\"language\": \"en\", \"timestamp\": 1755849580.6388652, \"current_step\": \"generate\", \"has_code_snippet\": true, \"current_iteration\": 1}',0,1,'2025-08-22 07:59:40'),(184,'45d03d68-52e0-4d83-b65b-cd2850a45959','code_generate_complete','tutorial','{\"language\": \"en\", \"timestamp\": 1755849626.9573176, \"current_step\": \"generate\", \"has_code_snippet\": true, \"current_iteration\": 1}',0,1,'2025-08-22 08:00:26'),(185,'45d03d68-52e0-4d83-b65b-cd2850a45959','code_ready_for_review','tutorial','{\"language\": \"en\", \"timestamp\": 1755849627.017665, \"current_step\": \"generate\", \"has_code_snippet\": true, \"current_iteration\": 1}',0,1,'2025-08-22 08:00:27'),(186,'45d03d68-52e0-4d83-b65b-cd2850a45959','code_generate_complete','tutorial','{\"language\": \"en\", \"timestamp\": 1755849671.7788389, \"current_step\": \"generate\", \"has_code_snippet\": true, \"current_iteration\": 1}',0,1,'2025-08-22 08:01:11'),(187,'45d03d68-52e0-4d83-b65b-cd2850a45959','code_ready_for_review','tutorial','{\"language\": \"en\", \"timestamp\": 1755849671.8365805, \"current_step\": \"generate\", \"has_code_snippet\": true, \"current_iteration\": 1}',0,1,'2025-08-22 08:01:11'),(188,'45d03d68-52e0-4d83-b65b-cd2850a45959','code_generate_complete','tutorial','{\"language\": \"en\", \"timestamp\": 1755849706.5675936, \"current_step\": \"generate\", \"has_code_snippet\": true, \"current_iteration\": 1}',0,1,'2025-08-22 08:01:46'),(189,'45d03d68-52e0-4d83-b65b-cd2850a45959','code_ready_for_review','tutorial','{\"language\": \"en\", \"timestamp\": 1755849706.620985, \"current_step\": \"generate\", \"has_code_snippet\": true, \"current_iteration\": 1}',0,1,'2025-08-22 08:01:46'),(190,'45d03d68-52e0-4d83-b65b-cd2850a45959','submit_review','tutorial','{\"language\": \"en\", \"timestamp\": 1755850268.5435102, \"current_step\": \"generate\", \"has_code_snippet\": true, \"current_iteration\": 1}',0,1,'2025-08-22 08:11:08'),(191,'45d03d68-52e0-4d83-b65b-cd2850a45959','review_analysis_complete','tutorial','{\"language\": \"en\", \"timestamp\": 1755850271.746132, \"current_step\": \"generate\", \"has_code_snippet\": true, \"current_iteration\": 1}',0,1,'2025-08-22 08:11:11'),(192,'45d03d68-52e0-4d83-b65b-cd2850a45959','code_generate_complete','tutorial','{\"language\": \"en\", \"timestamp\": 1755850445.4418104, \"current_step\": \"generate\", \"has_code_snippet\": true, \"current_iteration\": 1}',0,1,'2025-08-22 08:14:05'),(193,'45d03d68-52e0-4d83-b65b-cd2850a45959','code_ready_for_review','tutorial','{\"language\": \"en\", \"timestamp\": 1755850445.4999728, \"current_step\": \"generate\", \"has_code_snippet\": true, \"current_iteration\": 1}',0,1,'2025-08-22 08:14:05'),(194,'45d03d68-52e0-4d83-b65b-cd2850a45959','select_category','practice','{\"language\": \"en\", \"timestamp\": 1755850730.334024, \"user_level\": \"Basic\", \"workflow_step\": \"generate\", \"selected_categories\": []}',0,1,'2025-08-22 08:18:50'),(195,'45d03d68-52e0-4d83-b65b-cd2850a45959','start_generate','practice','{\"language\": \"en\", \"timestamp\": 1755850799.34403, \"user_level\": \"Basic\", \"workflow_step\": \"generate\", \"selected_categories\": [\"Logical Errors\"]}',0,1,'2025-08-22 08:19:59'),(196,'45d03d68-52e0-4d83-b65b-cd2850a45959','generate_completed','pratice','{\"language\": \"en\", \"timestamp\": 1755850801.965858, \"user_level\": \"Basic\", \"workflow_step\": \"generate\", \"selected_categories\": [\"Logical Errors\"]}',0,1,'2025-08-22 08:20:01'),(197,'45d03d68-52e0-4d83-b65b-cd2850a45959','submit_review','practice','{\"language\": \"en\", \"timestamp\": 1755851038.3145318, \"current_step\": \"review\", \"has_code_snippet\": true, \"current_iteration\": 1}',0,1,'2025-08-22 08:23:58'),(198,'45d03d68-52e0-4d83-b65b-cd2850a45959','view_badge_showcase','practice','{\"language\": \"en\", \"timestamp\": 1755851041.999434, \"has_review_history\": true}',0,1,'2025-08-22 08:24:01'),(199,'45d03d68-52e0-4d83-b65b-cd2850a45959','view_badge_showcase','practice','{\"language\": \"en\", \"timestamp\": 1755851955.9952116, \"has_review_history\": true}',0,1,'2025-08-22 08:39:15'),(200,'45d03d68-52e0-4d83-b65b-cd2850a45959','code_generate_complete','tutorial','{\"language\": \"en\", \"timestamp\": 1755852481.998298, \"current_step\": \"generate\", \"has_code_snippet\": true, \"current_iteration\": 1}',0,1,'2025-08-22 08:48:02'),(201,'45d03d68-52e0-4d83-b65b-cd2850a45959','code_ready_for_review','tutorial','{\"language\": \"en\", \"timestamp\": 1755852482.0567024, \"current_step\": \"generate\", \"has_code_snippet\": true, \"current_iteration\": 1}',0,1,'2025-08-22 08:48:02'),(202,'b23e9340-4929-462e-9ee4-b6585f1e171b','code_generate_complete','tutorial','{\"language\": \"en\", \"timestamp\": 1756816926.755415, \"current_step\": \"generate\", \"has_code_snippet\": true, \"current_iteration\": 1}',0,1,'2025-09-02 12:42:06'),(203,'b23e9340-4929-462e-9ee4-b6585f1e171b','code_ready_for_review','tutorial','{\"language\": \"en\", \"timestamp\": 1756816926.812517, \"current_step\": \"generate\", \"has_code_snippet\": true, \"current_iteration\": 1}',0,1,'2025-09-02 12:42:06'),(204,'b23e9340-4929-462e-9ee4-b6585f1e171b','select_category','practice','{\"language\": \"en\", \"timestamp\": 1756816948.2099702, \"user_level\": \"Basic\", \"workflow_step\": \"generate\", \"selected_categories\": []}',0,1,'2025-09-02 12:42:28'),(205,'b23e9340-4929-462e-9ee4-b6585f1e171b','start_generate','practice','{\"language\": \"en\", \"timestamp\": 1756816967.9824817, \"user_level\": \"Basic\", \"workflow_step\": \"generate\", \"selected_categories\": [\"Logical Errors\"]}',0,1,'2025-09-02 12:42:47'),(206,'b23e9340-4929-462e-9ee4-b6585f1e171b','generate_completed','pratice','{\"language\": \"en\", \"timestamp\": 1756816969.628839, \"user_level\": \"Basic\", \"workflow_step\": \"generate\", \"selected_categories\": [\"Logical Errors\"]}',0,1,'2025-09-02 12:42:49'),(207,'b23e9340-4929-462e-9ee4-b6585f1e171b','code_generate_complete','tutorial','{\"language\": \"en\", \"timestamp\": 1758096313.99561, \"current_step\": \"generate\", \"has_code_snippet\": true, \"current_iteration\": 1}',0,1,'2025-09-17 08:05:13'),(208,'b23e9340-4929-462e-9ee4-b6585f1e171b','code_ready_for_review','tutorial','{\"language\": \"en\", \"timestamp\": 1758096314.0572278, \"current_step\": \"generate\", \"has_code_snippet\": true, \"current_iteration\": 1}',0,1,'2025-09-17 08:05:14'),(209,'b23e9340-4929-462e-9ee4-b6585f1e171b','code_generate_complete','tutorial','{\"language\": \"en\", \"timestamp\": 1759214090.706715, \"current_step\": \"generate\", \"has_code_snippet\": true, \"current_iteration\": 1}',0,1,'2025-09-30 06:34:50'),(210,'b23e9340-4929-462e-9ee4-b6585f1e171b','code_ready_for_review','tutorial','{\"language\": \"en\", \"timestamp\": 1759214090.7653515, \"current_step\": \"generate\", \"has_code_snippet\": true, \"current_iteration\": 1}',0,1,'2025-09-30 06:34:50'),(211,'b23e9340-4929-462e-9ee4-b6585f1e171b','code_generate_complete','tutorial','{\"language\": \"en\", \"timestamp\": 1759214716.0168674, \"current_step\": \"generate\", \"has_code_snippet\": true, \"current_iteration\": 1}',0,1,'2025-09-30 06:45:16'),(212,'b23e9340-4929-462e-9ee4-b6585f1e171b','code_ready_for_review','tutorial','{\"language\": \"en\", \"timestamp\": 1759214716.074617, \"current_step\": \"generate\", \"has_code_snippet\": true, \"current_iteration\": 1}',0,1,'2025-09-30 06:45:16'),(213,'b23e9340-4929-462e-9ee4-b6585f1e171b','submit_review','tutorial','{\"language\": \"en\", \"timestamp\": 1759214745.9436736, \"current_step\": \"generate\", \"has_code_snippet\": true, \"current_iteration\": 1}',0,1,'2025-09-30 06:45:45'),(214,'b23e9340-4929-462e-9ee4-b6585f1e171b','review_analysis_complete','tutorial','{\"language\": \"en\", \"timestamp\": 1759214750.0775368, \"current_step\": \"generate\", \"has_code_snippet\": true, \"current_iteration\": 1}',0,1,'2025-09-30 06:45:50'),(215,'b23e9340-4929-462e-9ee4-b6585f1e171b','regenerate_tutorial_code','tutorial','{\"language\": \"en\", \"timestamp\": 1759214834.3297582, \"current_step\": \"generate\", \"has_code_snippet\": true, \"current_iteration\": 1}',0,1,'2025-09-30 06:47:14'),(216,'b23e9340-4929-462e-9ee4-b6585f1e171b','code_generate_complete','tutorial','{\"language\": \"en\", \"timestamp\": 1759214840.4673612, \"current_step\": \"generate\", \"has_code_snippet\": true, \"current_iteration\": 1}',0,1,'2025-09-30 06:47:20'),(217,'b23e9340-4929-462e-9ee4-b6585f1e171b','code_ready_for_review','tutorial','{\"language\": \"en\", \"timestamp\": 1759214840.52434, \"current_step\": \"generate\", \"has_code_snippet\": true, \"current_iteration\": 1}',0,1,'2025-09-30 06:47:20'),(218,'b23e9340-4929-462e-9ee4-b6585f1e171b','code_generate_complete','tutorial','{\"language\": \"en\", \"timestamp\": 1759214930.745596, \"current_step\": \"generate\", \"has_code_snippet\": true, \"current_iteration\": 1}',0,1,'2025-09-30 06:48:50'),(219,'b23e9340-4929-462e-9ee4-b6585f1e171b','code_ready_for_review','tutorial','{\"language\": \"en\", \"timestamp\": 1759214930.80289, \"current_step\": \"generate\", \"has_code_snippet\": true, \"current_iteration\": 1}',0,1,'2025-09-30 06:48:50'),(220,'b23e9340-4929-462e-9ee4-b6585f1e171b','select_category','practice','{\"language\": \"en\", \"timestamp\": 1759215035.8236997, \"user_level\": \"Basic\", \"workflow_step\": \"generate\", \"selected_categories\": []}',0,1,'2025-09-30 06:50:35'),(221,'b23e9340-4929-462e-9ee4-b6585f1e171b','start_generate','practice','{\"language\": \"en\", \"timestamp\": 1759215039.7543266, \"user_level\": \"Basic\", \"workflow_step\": \"generate\", \"selected_categories\": [\"Logical Errors\"]}',0,1,'2025-09-30 06:50:39'),(222,'b23e9340-4929-462e-9ee4-b6585f1e171b','generate_completed','pratice','{\"language\": \"en\", \"timestamp\": 1759215043.5490909, \"user_level\": \"Basic\", \"workflow_step\": \"generate\", \"selected_categories\": [\"Logical Errors\"]}',0,1,'2025-09-30 06:50:43'),(223,'b23e9340-4929-462e-9ee4-b6585f1e171b','submit_review','practice','{\"language\": \"en\", \"timestamp\": 1759215111.3292425, \"current_step\": \"review\", \"has_code_snippet\": true, \"current_iteration\": 1}',0,1,'2025-09-30 06:51:51'),(224,'b23e9340-4929-462e-9ee4-b6585f1e171b','view_badge_showcase','practice','{\"language\": \"en\", \"timestamp\": 1759215116.7224534, \"has_review_history\": true}',0,1,'2025-09-30 06:51:56'),(225,'b23e9340-4929-462e-9ee4-b6585f1e171b','code_generate_complete','tutorial','{\"language\": \"zh\", \"timestamp\": 1759215152.5482764, \"current_step\": \"generate\", \"has_code_snippet\": true, \"current_iteration\": 1}',0,1,'2025-09-30 06:52:32'),(226,'b23e9340-4929-462e-9ee4-b6585f1e171b','code_ready_for_review','tutorial','{\"language\": \"zh\", \"timestamp\": 1759215152.6056151, \"current_step\": \"generate\", \"has_code_snippet\": true, \"current_iteration\": 1}',0,1,'2025-09-30 06:52:32'),(227,'b23e9340-4929-462e-9ee4-b6585f1e171b','submit_review','tutorial','{\"language\": \"zh\", \"timestamp\": 1759215167.4082875, \"current_step\": \"generate\", \"has_code_snippet\": true, \"current_iteration\": 1}',0,1,'2025-09-30 06:52:47'),(228,'b23e9340-4929-462e-9ee4-b6585f1e171b','review_analysis_complete','tutorial','{\"language\": \"zh\", \"timestamp\": 1759215176.2223277, \"current_step\": \"generate\", \"has_code_snippet\": true, \"current_iteration\": 1}',0,1,'2025-09-30 06:52:56'),(229,'b23e9340-4929-462e-9ee4-b6585f1e171b','regenerate_tutorial_code','tutorial','{\"language\": \"en\", \"timestamp\": 1759215587.7818248, \"current_step\": \"generate\", \"has_code_snippet\": true, \"current_iteration\": 1}',0,1,'2025-09-30 06:59:47'),(230,'b23e9340-4929-462e-9ee4-b6585f1e171b','code_generate_complete','tutorial','{\"language\": \"en\", \"timestamp\": 1759215592.9726326, \"current_step\": \"generate\", \"has_code_snippet\": true, \"current_iteration\": 1}',0,1,'2025-09-30 06:59:52'),(231,'b23e9340-4929-462e-9ee4-b6585f1e171b','code_ready_for_review','tutorial','{\"language\": \"en\", \"timestamp\": 1759215593.0299911, \"current_step\": \"generate\", \"has_code_snippet\": true, \"current_iteration\": 1}',0,1,'2025-09-30 06:59:53'),(232,'b23e9340-4929-462e-9ee4-b6585f1e171b','code_generate_complete','tutorial','{\"language\": \"en\", \"timestamp\": 1759215626.5000951, \"current_step\": \"generate\", \"has_code_snippet\": true, \"current_iteration\": 1}',0,1,'2025-09-30 07:00:26'),(233,'b23e9340-4929-462e-9ee4-b6585f1e171b','code_ready_for_review','tutorial','{\"language\": \"en\", \"timestamp\": 1759215626.554813, \"current_step\": \"generate\", \"has_code_snippet\": true, \"current_iteration\": 1}',0,1,'2025-09-30 07:00:26'),(234,'b23e9340-4929-462e-9ee4-b6585f1e171b','submit_review','tutorial','{\"language\": \"en\", \"timestamp\": 1759215635.391901, \"current_step\": \"generate\", \"has_code_snippet\": true, \"current_iteration\": 1}',0,1,'2025-09-30 07:00:35'),(235,'b23e9340-4929-462e-9ee4-b6585f1e171b','code_generate_complete','tutorial','{\"language\": \"zh\", \"timestamp\": 1759216195.4373078, \"current_step\": \"generate\", \"has_code_snippet\": true, \"current_iteration\": 1}',0,1,'2025-09-30 07:09:55'),(236,'b23e9340-4929-462e-9ee4-b6585f1e171b','code_ready_for_review','tutorial','{\"language\": \"zh\", \"timestamp\": 1759216195.4927995, \"current_step\": \"generate\", \"has_code_snippet\": true, \"current_iteration\": 1}',0,1,'2025-09-30 07:09:55'),(237,'b23e9340-4929-462e-9ee4-b6585f1e171b','submit_review','tutorial','{\"language\": \"zh\", \"timestamp\": 1759216204.6553278, \"current_step\": \"generate\", \"has_code_snippet\": true, \"current_iteration\": 1}',0,1,'2025-09-30 07:10:04'),(238,'b23e9340-4929-462e-9ee4-b6585f1e171b','review_analysis_complete','tutorial','{\"language\": \"zh\", \"timestamp\": 1759216215.7768445, \"current_step\": \"generate\", \"has_code_snippet\": true, \"current_iteration\": 1}',0,1,'2025-09-30 07:10:15'),(239,'b23e9340-4929-462e-9ee4-b6585f1e171b','regenerate_tutorial_code','tutorial','{\"language\": \"zh\", \"timestamp\": 1759216315.4690886, \"current_step\": \"generate\", \"has_code_snippet\": true, \"current_iteration\": 1}',0,1,'2025-09-30 07:11:55'),(240,'b23e9340-4929-462e-9ee4-b6585f1e171b','code_generate_complete','tutorial','{\"language\": \"zh\", \"timestamp\": 1759216319.9917958, \"current_step\": \"generate\", \"has_code_snippet\": true, \"current_iteration\": 1}',0,1,'2025-09-30 07:11:59'),(241,'b23e9340-4929-462e-9ee4-b6585f1e171b','code_ready_for_review','tutorial','{\"language\": \"zh\", \"timestamp\": 1759216320.048628, \"current_step\": \"generate\", \"has_code_snippet\": true, \"current_iteration\": 1}',0,1,'2025-09-30 07:12:00'),(242,'b23e9340-4929-462e-9ee4-b6585f1e171b','submit_review','tutorial','{\"language\": \"zh\", \"timestamp\": 1759216331.5682137, \"current_step\": \"generate\", \"has_code_snippet\": true, \"current_iteration\": 1}',0,1,'2025-09-30 07:12:11'),(243,'b23e9340-4929-462e-9ee4-b6585f1e171b','review_analysis_complete','tutorial','{\"language\": \"zh\", \"timestamp\": 1759216338.6042478, \"current_step\": \"generate\", \"has_code_snippet\": true, \"current_iteration\": 1}',0,1,'2025-09-30 07:12:18'),(244,'b23e9340-4929-462e-9ee4-b6585f1e171b','regenerate_tutorial_code','tutorial','{\"language\": \"en\", \"timestamp\": 1759216437.9847682, \"current_step\": \"generate\", \"has_code_snippet\": true, \"current_iteration\": 1}',0,1,'2025-09-30 07:13:57'),(245,'b23e9340-4929-462e-9ee4-b6585f1e171b','code_generate_complete','tutorial','{\"language\": \"en\", \"timestamp\": 1759216442.542574, \"current_step\": \"generate\", \"has_code_snippet\": true, \"current_iteration\": 1}',0,1,'2025-09-30 07:14:02'),(246,'b23e9340-4929-462e-9ee4-b6585f1e171b','code_ready_for_review','tutorial','{\"language\": \"en\", \"timestamp\": 1759216442.59881, \"current_step\": \"generate\", \"has_code_snippet\": true, \"current_iteration\": 1}',0,1,'2025-09-30 07:14:02'),(247,'b23e9340-4929-462e-9ee4-b6585f1e171b','submit_review','tutorial','{\"language\": \"en\", \"timestamp\": 1759216451.0428736, \"current_step\": \"generate\", \"has_code_snippet\": true, \"current_iteration\": 1}',0,1,'2025-09-30 07:14:11'),(248,'b23e9340-4929-462e-9ee4-b6585f1e171b','code_generate_complete','tutorial','{\"language\": \"zh\", \"timestamp\": 1759216651.7319143, \"current_step\": \"generate\", \"has_code_snippet\": true, \"current_iteration\": 1}',0,1,'2025-09-30 07:17:31'),(249,'b23e9340-4929-462e-9ee4-b6585f1e171b','code_ready_for_review','tutorial','{\"language\": \"zh\", \"timestamp\": 1759216651.7895467, \"current_step\": \"generate\", \"has_code_snippet\": true, \"current_iteration\": 1}',0,1,'2025-09-30 07:17:31'),(250,'b23e9340-4929-462e-9ee4-b6585f1e171b','submit_review','tutorial','{\"language\": \"zh\", \"timestamp\": 1759216721.6070204, \"current_step\": \"generate\", \"has_code_snippet\": true, \"current_iteration\": 1}',0,1,'2025-09-30 07:18:41'),(251,'b23e9340-4929-462e-9ee4-b6585f1e171b','submit_review','tutorial','{\"language\": \"zh\", \"timestamp\": 1759216738.017919, \"current_step\": \"generate\", \"has_code_snippet\": true, \"current_iteration\": 1}',0,1,'2025-09-30 07:18:58'),(252,'b23e9340-4929-462e-9ee4-b6585f1e171b','review_analysis_complete','tutorial','{\"language\": \"zh\", \"timestamp\": 1759216745.9887402, \"current_step\": \"generate\", \"has_code_snippet\": true, \"current_iteration\": 1}',0,1,'2025-09-30 07:19:05'),(253,'b23e9340-4929-462e-9ee4-b6585f1e171b','code_generate_complete','tutorial','{\"language\": \"zh\", \"timestamp\": 1759218828.3258822, \"current_step\": \"generate\", \"has_code_snippet\": true, \"current_iteration\": 1}',0,1,'2025-09-30 07:53:48'),(254,'b23e9340-4929-462e-9ee4-b6585f1e171b','code_ready_for_review','tutorial','{\"language\": \"zh\", \"timestamp\": 1759218828.3833227, \"current_step\": \"generate\", \"has_code_snippet\": true, \"current_iteration\": 1}',0,1,'2025-09-30 07:53:48'),(255,'b23e9340-4929-462e-9ee4-b6585f1e171b','submit_review','tutorial','{\"language\": \"zh\", \"timestamp\": 1759218838.8855937, \"current_step\": \"generate\", \"has_code_snippet\": true, \"current_iteration\": 1}',0,1,'2025-09-30 07:53:58'),(256,'b23e9340-4929-462e-9ee4-b6585f1e171b','review_analysis_complete','tutorial','{\"language\": \"zh\", \"timestamp\": 1759218846.6661787, \"current_step\": \"generate\", \"has_code_snippet\": true, \"current_iteration\": 1}',0,1,'2025-09-30 07:54:06'),(257,'b23e9340-4929-462e-9ee4-b6585f1e171b','code_generate_complete','tutorial','{\"language\": \"zh\", \"timestamp\": 1759218936.719141, \"current_step\": \"generate\", \"has_code_snippet\": true, \"current_iteration\": 1}',0,1,'2025-09-30 07:55:36'),(258,'b23e9340-4929-462e-9ee4-b6585f1e171b','code_ready_for_review','tutorial','{\"language\": \"zh\", \"timestamp\": 1759218936.776291, \"current_step\": \"generate\", \"has_code_snippet\": true, \"current_iteration\": 1}',0,1,'2025-09-30 07:55:36'),(259,'b23e9340-4929-462e-9ee4-b6585f1e171b','submit_review','tutorial','{\"language\": \"zh\", \"timestamp\": 1759218974.740103, \"current_step\": \"generate\", \"has_code_snippet\": true, \"current_iteration\": 1}',0,1,'2025-09-30 07:56:14'),(260,'b23e9340-4929-462e-9ee4-b6585f1e171b','review_analysis_complete','tutorial','{\"language\": \"zh\", \"timestamp\": 1759218982.7173686, \"current_step\": \"generate\", \"has_code_snippet\": true, \"current_iteration\": 1}',0,1,'2025-09-30 07:56:22'),(261,'b23e9340-4929-462e-9ee4-b6585f1e171b','code_generate_complete','tutorial','{\"language\": \"en\", \"timestamp\": 1759219756.379569, \"current_step\": \"generate\", \"has_code_snippet\": true, \"current_iteration\": 1}',0,1,'2025-09-30 08:09:16'),(262,'b23e9340-4929-462e-9ee4-b6585f1e171b','code_ready_for_review','tutorial','{\"language\": \"en\", \"timestamp\": 1759219756.4356904, \"current_step\": \"generate\", \"has_code_snippet\": true, \"current_iteration\": 1}',0,1,'2025-09-30 08:09:16'),(263,'b23e9340-4929-462e-9ee4-b6585f1e171b','submit_review','tutorial','{\"language\": \"en\", \"timestamp\": 1759219765.3737073, \"current_step\": \"generate\", \"has_code_snippet\": true, \"current_iteration\": 1}',0,1,'2025-09-30 08:09:25'),(264,'b23e9340-4929-462e-9ee4-b6585f1e171b','code_generate_complete','tutorial','{\"language\": \"zh\", \"timestamp\": 1759219807.027912, \"current_step\": \"generate\", \"has_code_snippet\": true, \"current_iteration\": 1}',0,1,'2025-09-30 08:10:07'),(265,'b23e9340-4929-462e-9ee4-b6585f1e171b','code_ready_for_review','tutorial','{\"language\": \"zh\", \"timestamp\": 1759219807.0859993, \"current_step\": \"generate\", \"has_code_snippet\": true, \"current_iteration\": 1}',0,1,'2025-09-30 08:10:07'),(266,'b23e9340-4929-462e-9ee4-b6585f1e171b','submit_review','tutorial','{\"language\": \"zh\", \"timestamp\": 1759219815.9905384, \"current_step\": \"generate\", \"has_code_snippet\": true, \"current_iteration\": 1}',0,1,'2025-09-30 08:10:15'),(267,'b23e9340-4929-462e-9ee4-b6585f1e171b','review_analysis_complete','tutorial','{\"language\": \"zh\", \"timestamp\": 1759219822.7896907, \"current_step\": \"generate\", \"has_code_snippet\": true, \"current_iteration\": 1}',0,1,'2025-09-30 08:10:22'),(268,'b23e9340-4929-462e-9ee4-b6585f1e171b','code_generate_complete','tutorial','{\"language\": \"zh\", \"timestamp\": 1759220397.6976166, \"current_step\": \"generate\", \"has_code_snippet\": true, \"current_iteration\": 1}',0,1,'2025-09-30 08:19:57'),(269,'b23e9340-4929-462e-9ee4-b6585f1e171b','code_ready_for_review','tutorial','{\"language\": \"zh\", \"timestamp\": 1759220397.7531905, \"current_step\": \"generate\", \"has_code_snippet\": true, \"current_iteration\": 1}',0,1,'2025-09-30 08:19:57'),(270,'b23e9340-4929-462e-9ee4-b6585f1e171b','submit_review','tutorial','{\"language\": \"zh\", \"timestamp\": 1759220411.9902506, \"current_step\": \"generate\", \"has_code_snippet\": true, \"current_iteration\": 1}',0,1,'2025-09-30 08:20:11'),(271,'b23e9340-4929-462e-9ee4-b6585f1e171b','review_analysis_complete','tutorial','{\"language\": \"zh\", \"timestamp\": 1759220423.003996, \"current_step\": \"generate\", \"has_code_snippet\": true, \"current_iteration\": 1}',0,1,'2025-09-30 08:20:23'),(272,'b23e9340-4929-462e-9ee4-b6585f1e171b','code_generate_complete','tutorial','{\"language\": \"zh\", \"timestamp\": 1759221781.6670272, \"current_step\": \"generate\", \"has_code_snippet\": true, \"current_iteration\": 1}',0,1,'2025-09-30 08:43:01'),(273,'b23e9340-4929-462e-9ee4-b6585f1e171b','code_ready_for_review','tutorial','{\"language\": \"zh\", \"timestamp\": 1759221781.7222788, \"current_step\": \"generate\", \"has_code_snippet\": true, \"current_iteration\": 1}',0,1,'2025-09-30 08:43:01'),(274,'b23e9340-4929-462e-9ee4-b6585f1e171b','submit_review','tutorial','{\"language\": \"zh\", \"timestamp\": 1759221791.3486469, \"current_step\": \"generate\", \"has_code_snippet\": true, \"current_iteration\": 1}',0,1,'2025-09-30 08:43:11'),(275,'b23e9340-4929-462e-9ee4-b6585f1e171b','review_analysis_complete','tutorial','{\"language\": \"zh\", \"timestamp\": 1759221803.4631157, \"current_step\": \"generate\", \"has_code_snippet\": true, \"current_iteration\": 1}',0,1,'2025-09-30 08:43:23'),(276,'b23e9340-4929-462e-9ee4-b6585f1e171b','code_generate_complete','tutorial','{\"language\": \"zh\", \"timestamp\": 1759240719.3085682, \"current_step\": \"generate\", \"has_code_snippet\": true, \"current_iteration\": 1}',0,1,'2025-09-30 13:58:39'),(277,'b23e9340-4929-462e-9ee4-b6585f1e171b','code_ready_for_review','tutorial','{\"language\": \"zh\", \"timestamp\": 1759240719.3661373, \"current_step\": \"generate\", \"has_code_snippet\": true, \"current_iteration\": 1}',0,1,'2025-09-30 13:58:39'),(278,'b23e9340-4929-462e-9ee4-b6585f1e171b','submit_review','tutorial','{\"language\": \"zh\", \"timestamp\": 1759240751.421895, \"current_step\": \"generate\", \"has_code_snippet\": true, \"current_iteration\": 1}',0,1,'2025-09-30 13:59:11'),(279,'b23e9340-4929-462e-9ee4-b6585f1e171b','submit_review','tutorial','{\"language\": \"zh\", \"timestamp\": 1759240926.777625, \"current_step\": \"generate\", \"has_code_snippet\": true, \"current_iteration\": 1}',0,1,'2025-09-30 14:02:06'),(280,'b23e9340-4929-462e-9ee4-b6585f1e171b','review_analysis_complete','tutorial','{\"language\": \"zh\", \"timestamp\": 1759241025.1103234, \"current_step\": \"generate\", \"has_code_snippet\": true, \"current_iteration\": 1}',0,1,'2025-09-30 14:03:45'),(281,'b23e9340-4929-462e-9ee4-b6585f1e171b','select_category','practice','{\"language\": \"zh\", \"timestamp\": 1759241112.9067662, \"user_level\": \"基礎\", \"workflow_step\": \"generate\", \"selected_categories\": []}',0,1,'2025-09-30 14:05:12'),(282,'b23e9340-4929-462e-9ee4-b6585f1e171b','start_generate','practice','{\"language\": \"zh\", \"timestamp\": 1759241115.9261303, \"user_level\": \"基礎\", \"workflow_step\": \"generate\", \"selected_categories\": [\"語法錯誤\"]}',0,1,'2025-09-30 14:05:15'),(283,'b23e9340-4929-462e-9ee4-b6585f1e171b','generate_completed','pratice','{\"language\": \"zh\", \"timestamp\": 1759241157.7928672, \"user_level\": \"基礎\", \"workflow_step\": \"generate\", \"selected_categories\": [\"語法錯誤\"]}',0,1,'2025-09-30 14:05:57'),(284,'b23e9340-4929-462e-9ee4-b6585f1e171b','submit_review','practice','{\"language\": \"zh\", \"timestamp\": 1759241265.519706, \"current_step\": \"review\", \"has_code_snippet\": true, \"current_iteration\": 1}',0,1,'2025-09-30 14:07:45'),(285,'b23e9340-4929-462e-9ee4-b6585f1e171b','submit_review','practice','{\"language\": \"zh\", \"timestamp\": 1759241379.5304272, \"current_step\": \"analyze\", \"has_code_snippet\": true, \"current_iteration\": 2}',0,1,'2025-09-30 14:09:39'),(286,'b23e9340-4929-462e-9ee4-b6585f1e171b','view_badge_showcase','practice','{\"language\": \"zh\", \"timestamp\": 1759241445.0385666, \"has_review_history\": true}',0,1,'2025-09-30 14:10:45'),(287,'b23e9340-4929-462e-9ee4-b6585f1e171b','code_generate_complete','tutorial','{\"language\": \"en\", \"timestamp\": 1759242112.6209, \"current_step\": \"generate\", \"has_code_snippet\": true, \"current_iteration\": 1}',0,1,'2025-09-30 14:21:52'),(288,'b23e9340-4929-462e-9ee4-b6585f1e171b','code_ready_for_review','tutorial','{\"language\": \"en\", \"timestamp\": 1759242112.6797452, \"current_step\": \"generate\", \"has_code_snippet\": true, \"current_iteration\": 1}',0,1,'2025-09-30 14:21:52'),(289,'b23e9340-4929-462e-9ee4-b6585f1e171b','submit_review','tutorial','{\"language\": \"en\", \"timestamp\": 1759242128.1753922, \"current_step\": \"generate\", \"has_code_snippet\": true, \"current_iteration\": 1}',0,1,'2025-09-30 14:22:08'),(290,'b23e9340-4929-462e-9ee4-b6585f1e171b','code_generate_complete','tutorial','{\"language\": \"zh\", \"timestamp\": 1759287152.2278175, \"current_step\": \"generate\", \"has_code_snippet\": true, \"current_iteration\": 1}',0,1,'2025-10-01 02:52:32'),(291,'b23e9340-4929-462e-9ee4-b6585f1e171b','code_ready_for_review','tutorial','{\"language\": \"zh\", \"timestamp\": 1759287152.2848885, \"current_step\": \"generate\", \"has_code_snippet\": true, \"current_iteration\": 1}',0,1,'2025-10-01 02:52:32'),(292,'b23e9340-4929-462e-9ee4-b6585f1e171b','submit_review','tutorial','{\"language\": \"zh\", \"timestamp\": 1759287179.4123473, \"current_step\": \"generate\", \"has_code_snippet\": true, \"current_iteration\": 1}',0,1,'2025-10-01 02:52:59'),(293,'b23e9340-4929-462e-9ee4-b6585f1e171b','code_generate_complete','tutorial','{\"language\": \"zh\", \"timestamp\": 1759477502.4392462, \"current_step\": \"generate\", \"has_code_snippet\": true, \"current_iteration\": 1}',0,1,'2025-10-03 07:45:02'),(294,'b23e9340-4929-462e-9ee4-b6585f1e171b','code_ready_for_review','tutorial','{\"language\": \"zh\", \"timestamp\": 1759477502.4980695, \"current_step\": \"generate\", \"has_code_snippet\": true, \"current_iteration\": 1}',0,1,'2025-10-03 07:45:02'),(295,'b23e9340-4929-462e-9ee4-b6585f1e171b','submit_review','tutorial','{\"language\": \"zh\", \"timestamp\": 1759477558.779467, \"current_step\": \"generate\", \"has_code_snippet\": true, \"current_iteration\": 1}',0,1,'2025-10-03 07:45:58'),(296,'b23e9340-4929-462e-9ee4-b6585f1e171b','submit_review','tutorial','{\"language\": \"zh\", \"timestamp\": 1759477622.5103831, \"current_step\": \"generate\", \"has_code_snippet\": true, \"current_iteration\": 1}',0,1,'2025-10-03 07:47:02'),(297,'b23e9340-4929-462e-9ee4-b6585f1e171b','submit_review','tutorial','{\"language\": \"zh\", \"timestamp\": 1759477889.626792, \"current_step\": \"generate\", \"has_code_snippet\": true, \"current_iteration\": 1}',0,1,'2025-10-03 07:51:29'),(298,'b23e9340-4929-462e-9ee4-b6585f1e171b','review_analysis_complete','tutorial','{\"language\": \"zh\", \"timestamp\": 1759477948.5292675, \"current_step\": \"generate\", \"has_code_snippet\": true, \"current_iteration\": 1}',0,1,'2025-10-03 07:52:28'),(299,'b23e9340-4929-462e-9ee4-b6585f1e171b','regenerate_tutorial_code','tutorial','{\"language\": \"zh\", \"timestamp\": 1759479363.6732275, \"current_step\": \"generate\", \"has_code_snippet\": true, \"current_iteration\": 1}',0,1,'2025-10-03 08:16:03'),(300,'b23e9340-4929-462e-9ee4-b6585f1e171b','code_generate_complete','tutorial','{\"language\": \"zh\", \"timestamp\": 1759479397.187687, \"current_step\": \"generate\", \"has_code_snippet\": true, \"current_iteration\": 1}',0,1,'2025-10-03 08:16:37'),(301,'b23e9340-4929-462e-9ee4-b6585f1e171b','code_ready_for_review','tutorial','{\"language\": \"zh\", \"timestamp\": 1759479397.244918, \"current_step\": \"generate\", \"has_code_snippet\": true, \"current_iteration\": 1}',0,1,'2025-10-03 08:16:37');
/*!40000 ALTER TABLE `user_interactions` ENABLE KEYS */;
UNLOCK TABLES;

--
-- Table structure for table `user_streaks`
--

DROP TABLE IF EXISTS `user_streaks`;
/*!40101 SET @saved_cs_client     = @@character_set_client */;
/*!50503 SET character_set_client = utf8mb4 */;
CREATE TABLE `user_streaks` (
  `id` int NOT NULL AUTO_INCREMENT,
  `user_id` varchar(36) COLLATE utf8mb4_unicode_ci NOT NULL,
  `streak_type` varchar(50) COLLATE utf8mb4_unicode_ci NOT NULL,
  `current_streak` int DEFAULT '0',
  `longest_streak` int DEFAULT '0',
  `last_activity_date` date DEFAULT NULL,
  `streak_data` json DEFAULT NULL,
  `created_at` timestamp NULL DEFAULT CURRENT_TIMESTAMP,
  `updated_at` timestamp NULL DEFAULT CURRENT_TIMESTAMP ON UPDATE CURRENT_TIMESTAMP,
  PRIMARY KEY (`id`),
  UNIQUE KEY `unique_user_streak_type` (`user_id`,`streak_type`),
  KEY `idx_streak_tracking` (`user_id`,`streak_type`,`current_streak` DESC),
  CONSTRAINT `user_streaks_ibfk_1` FOREIGN KEY (`user_id`) REFERENCES `users` (`uid`) ON DELETE CASCADE
) ENGINE=InnoDB AUTO_INCREMENT=121 DEFAULT CHARSET=utf8mb4 COLLATE=utf8mb4_unicode_ci;
/*!40101 SET character_set_client = @saved_cs_client */;

--
-- Dumping data for table `user_streaks`
--

LOCK TABLES `user_streaks` WRITE;
/*!40000 ALTER TABLE `user_streaks` DISABLE KEYS */;
INSERT INTO `user_streaks` VALUES (1,'b23e9340-4929-462e-9ee4-b6585f1e171b','daily_practice',1,3,'2025-10-03',NULL,'2025-06-19 06:23:04','2025-10-03 07:52:28'),(2,'b23e9340-4929-462e-9ee4-b6585f1e171b','perfect_reviews',0,2,'2025-10-03',NULL,'2025-06-19 06:23:04','2025-10-03 07:52:28'),(16,'00367b29-82f3-46ab-91a4-09984f21a688','daily_practice',1,1,'2025-07-04',NULL,'2025-07-04 02:22:38','2025-07-04 02:22:38'),(17,'00367b29-82f3-46ab-91a4-09984f21a688','perfect_reviews',0,1,'2025-07-04',NULL,'2025-07-04 02:22:38','2025-07-04 02:22:38'),(21,'4d9c1c86-b02a-4ac9-9982-de5d289fb35e','daily_practice',1,1,'2025-08-04',NULL,'2025-08-04 13:06:30','2025-08-04 13:06:30'),(22,'4d9c1c86-b02a-4ac9-9982-de5d289fb35e','perfect_reviews',0,1,'2025-08-04',NULL,'2025-08-04 13:06:30','2025-08-04 13:06:30'),(27,'8b422c25-d491-44b4-8342-2eeee465362c','daily_practice',1,1,'2025-08-07',NULL,'2025-08-07 01:32:24','2025-08-07 01:32:24'),(28,'8b422c25-d491-44b4-8342-2eeee465362c','perfect_reviews',0,1,'2025-08-07',NULL,'2025-08-07 01:32:24','2025-08-07 01:32:24'),(30,'5132a67a-400b-4c7e-aebf-4a2ac84ea775','daily_practice',1,1,'2025-08-07',NULL,'2025-08-07 02:18:41','2025-08-07 02:18:41'),(31,'5132a67a-400b-4c7e-aebf-4a2ac84ea775','perfect_reviews',0,1,'2025-08-07',NULL,'2025-08-07 02:18:41','2025-08-07 02:18:41'),(33,'67ae3a5a-4420-4528-9a2c-88fb6fb92824','daily_practice',1,1,'2025-08-08',NULL,'2025-08-08 01:28:25','2025-08-08 01:28:25'),(34,'67ae3a5a-4420-4528-9a2c-88fb6fb92824','perfect_reviews',0,1,'2025-08-08',NULL,'2025-08-08 01:28:25','2025-08-08 01:28:25'),(36,'b4be301a-18d3-48c9-9e76-15dac33bce5d','daily_practice',2,3,'2025-08-11',NULL,'2025-08-10 15:19:38','2025-08-11 02:06:00'),(37,'b4be301a-18d3-48c9-9e76-15dac33bce5d','perfect_reviews',0,2,'2025-08-11',NULL,'2025-08-10 15:19:38','2025-08-11 02:06:00'),(55,'ed99293a-2d5f-4599-9871-090f79533c53','daily_practice',1,1,'2025-08-17',NULL,'2025-08-17 14:48:18','2025-08-17 14:48:18'),(56,'ed99293a-2d5f-4599-9871-090f79533c53','perfect_reviews',0,1,'2025-08-17',NULL,'2025-08-17 14:48:18','2025-08-17 14:48:18'),(58,'7ccae358-2ec8-47bd-b634-2b74ba0ed238','daily_practice',1,1,'2025-08-19',NULL,'2025-08-19 02:03:23','2025-08-19 02:03:23'),(59,'7ccae358-2ec8-47bd-b634-2b74ba0ed238','perfect_reviews',0,1,'2025-08-19',NULL,'2025-08-19 02:03:23','2025-08-19 02:03:24'),(64,'a1ef04a3-ca9f-4ce0-a9ae-5320105baaeb','daily_practice',1,1,'2025-08-19',NULL,'2025-08-19 02:51:03','2025-08-19 02:51:03'),(65,'a1ef04a3-ca9f-4ce0-a9ae-5320105baaeb','perfect_reviews',0,1,'2025-08-19',NULL,'2025-08-19 02:51:03','2025-08-19 02:51:03'),(76,'45d03d68-52e0-4d83-b65b-cd2850a45959','daily_practice',1,1,'2025-08-22',NULL,'2025-08-22 08:11:11','2025-08-22 08:11:11'),(77,'45d03d68-52e0-4d83-b65b-cd2850a45959','perfect_reviews',0,1,'2025-08-22',NULL,'2025-08-22 08:11:11','2025-08-22 08:11:11');
/*!40000 ALTER TABLE `user_streaks` ENABLE KEYS */;
UNLOCK TABLES;

--
-- Table structure for table `users`
--

DROP TABLE IF EXISTS `users`;
/*!40101 SET @saved_cs_client     = @@character_set_client */;
/*!50503 SET character_set_client = utf8mb4 */;
CREATE TABLE `users` (
  `uid` varchar(36) COLLATE utf8mb4_unicode_ci NOT NULL,
  `email` varchar(255) COLLATE utf8mb4_unicode_ci NOT NULL,
  `password` varchar(255) COLLATE utf8mb4_unicode_ci NOT NULL,
  `display_name_en` varchar(255) COLLATE utf8mb4_unicode_ci DEFAULT NULL,
  `display_name_zh` varchar(255) COLLATE utf8mb4_unicode_ci DEFAULT NULL,
  `level_name_en` varchar(50) COLLATE utf8mb4_unicode_ci DEFAULT 'Basic',
  `level_name_zh` varchar(50) COLLATE utf8mb4_unicode_ci DEFAULT '基礎',
  `reviews_completed` int DEFAULT '0',
  `score` int DEFAULT '0',
  `total_points` int DEFAULT '0',
  `consecutive_days` int DEFAULT '0',
  `last_activity` date DEFAULT NULL,
  `total_session_time` int DEFAULT '0',
  `preferred_language` enum('en','zh') COLLATE utf8mb4_unicode_ci DEFAULT 'en',
  `perfect_reviews_count` int DEFAULT '0',
  `average_accuracy` decimal(5,2) DEFAULT '0.00',
  `last_badge_check` timestamp NULL DEFAULT NULL,
  `created_at` timestamp NULL DEFAULT CURRENT_TIMESTAMP,
  `updated_at` timestamp NULL DEFAULT CURRENT_TIMESTAMP ON UPDATE CURRENT_TIMESTAMP,
  PRIMARY KEY (`uid`),
  UNIQUE KEY `email` (`email`),
  KEY `idx_email` (`email`),
  KEY `idx_level` (`level_name_en`),
  KEY `idx_points` (`total_points` DESC),
  KEY `idx_activity` (`last_activity` DESC),
  KEY `idx_performance` (`reviews_completed`,`score`),
  KEY `idx_users_performance` (`average_accuracy` DESC,`perfect_reviews_count` DESC),
  KEY `idx_users_badge_check` (`last_badge_check`)
) ENGINE=InnoDB DEFAULT CHARSET=utf8mb4 COLLATE=utf8mb4_unicode_ci;
/*!40101 SET character_set_client = @saved_cs_client */;

--
-- Dumping data for table `users`
--

LOCK TABLES `users` WRITE;
/*!40000 ALTER TABLE `users` DISABLE KEYS */;
INSERT INTO `users` VALUES ('00367b29-82f3-46ab-91a4-09984f21a688','test@gmail.com','ecd71870d1963316a97e3ac3408c9835ad8cf0f3c1bc703527c30265534f75ae','Test','Test','Basic','基礎',3,2,210,0,'2025-07-04',348,'en',2,50.00,'2025-07-04 02:33:38','2025-07-04 02:20:27','2025-07-04 02:33:38'),('0986a03f-1a3c-452d-b919-e0c8444b3f62','cometlcc@gmail.com','350d50a056386ef19f842931e2aaac260e48e2031207bec031ca4d69f16e9bac','swguo','士煒','Senior','資深',0,0,0,0,NULL,0,'en',0,0.00,NULL,'2025-09-02 09:50:59','2025-09-02 09:50:59'),('13c95fee-af1b-4987-ad8c-a0457e1e64fc','M1405926@o365.fcu.edu.tw','b462559c86d2668448921a34a6ce010f80169f0a28638bede8ae81e4fabaeb82','Pei','Pei','Basic','基礎',0,0,0,0,NULL,0,'en',0,0.00,NULL,'2025-08-16 14:33:20','2025-08-16 14:33:20'),('45d03d68-52e0-4d83-b65b-cd2850a45959','testuser@gmail.com','dc2e196817eaf087b64a3b68dd78e16a2a516f1e9fb4923644072b88ab787664','Test-User','Test-User','Basic','基礎',3,2,210,0,'2025-08-22',421,'en',2,50.00,'2025-08-22 08:24:01','2025-08-22 07:56:41','2025-08-22 08:24:01'),('4d9c1c86-b02a-4ac9-9982-de5d289fb35e','yencheng@gmail.com','f6ecc1fcb4a2713780127e3111dae7db76ee59b02d340fb385bb9c1a71eb8eb2','Yen Cheng','Yen Cheng','Basic','基礎',4,2,220,0,'2025-08-04',360,'en',2,40.00,'2025-08-04 13:07:47','2025-08-04 13:04:38','2025-08-04 13:07:47'),('5132a67a-400b-4c7e-aebf-4a2ac84ea775','baoanth@gmail.com','a9d6c88cf8cdaf43ccd0244a1ab05770f5a788d1d3d5950a9ff55ee7e5cf0ac7','Bao An Nguyen','Bao An Nguyen','Medium','中等',2,1,165,0,'2025-08-07',180,'en',1,33.33,'2025-08-07 02:18:41','2025-08-07 01:20:19','2025-08-07 02:18:41'),('67ae3a5a-4420-4528-9a2c-88fb6fb92824','ngocdanthanhdt@tvu.edu.vn','ecae064532e71760da3adf80ce25180a2e4d2882a553ae24620514eba674f7c9','ngocdanthanhdt','ngocdanthanhdt','Basic','基礎',2,1,165,0,'2025-08-08',180,'en',1,33.33,'2025-08-08 01:28:25','2025-08-08 01:25:33','2025-08-08 01:28:25'),('7ccae358-2ec8-47bd-b634-2b74ba0ed238','yuxi20373@gmail.com','e4d6de5a0b3eea61cf0d32dd8701b180f374ece20d052e68b732d3f530ae7758','yuxi','yuxi','Basic','基礎',8,4,355,0,'2025-08-19',900,'en',4,44.44,'2025-08-19 03:01:14','2025-08-19 01:59:02','2025-08-19 03:01:14'),('7e3b7325-dedc-422a-ada8-f755ae384127','eirlys1296@gmail.com','9aa18a9bab5de460755e4340be296eb07f3dd6f3eee7a21f41f14534321a4bed','Trang','Trang','Basic','基礎',0,0,0,0,NULL,0,'en',0,0.00,NULL,'2025-06-23 02:50:58','2025-06-23 02:50:58'),('8b422c25-d491-44b4-8342-2eeee465362c','pttmai@tvu.edu.vn','2be60e4c6b5353d164365cf300fa1c1363e1d0a270fd928736cfd5cce27570bc','trucmaipham','trucmaipham','Basic','基礎',2,1,165,0,'2025-08-07',360,'en',1,33.33,'2025-08-07 01:32:24','2025-08-07 01:24:11','2025-08-07 01:32:24'),('a1ef04a3-ca9f-4ce0-a9ae-5320105baaeb','flatfish0131@gmail.com','c0f2a1a849ca969af49df0d9b0e658a46b5a04d097108666c4c04dbf34dfa1ca','flatfish','flatfish','Medium','中等',4,2,220,0,'2025-08-19',360,'en',2,40.00,'2025-08-19 02:58:56','2025-08-19 02:44:56','2025-08-19 02:58:56'),('b23e9340-4929-462e-9ee4-b6585f1e171b','thanhtctv6@gmail.com','dc2e196817eaf087b64a3b68dd78e16a2a516f1e9fb4923644072b88ab787664','Thomas','楊皇成','Basic','基礎',35,21,1590,0,'2025-10-03',3943,'en',20,55.55,'2025-10-03 07:52:28','2025-06-19 06:22:28','2025-10-03 07:52:28'),('b4be301a-18d3-48c9-9e76-15dac33bce5d','dvhunghy@gmail.com','fa40ac6d9d3667eca42a5f560d5ebfcd6883685e964da5867ef26746c4809541','Dang Viet Hung','hungdv','Basic','基礎',12,7,795,0,'2025-08-11',979,'en',7,53.85,'2025-08-11 02:06:00','2025-08-10 10:16:04','2025-08-11 02:06:00'),('ed99293a-2d5f-4599-9871-090f79533c53','lipolin10310804@gmail.com','5e884898da28047151d0e56f8dc6292773603d0d6aabbdd62a11ef721d1542d8','Polin','Polin','Senior','資深',2,1,165,0,'2025-08-17',193,'en',1,33.33,'2025-08-17 14:48:18','2025-08-17 14:37:03','2025-08-17 14:48:18');
/*!40000 ALTER TABLE `users` ENABLE KEYS */;
UNLOCK TABLES;

--
-- Dumping events for database 'java_review_db'
--

--
-- Dumping routines for database 'java_review_db'
--
/*!40103 SET TIME_ZONE=@OLD_TIME_ZONE */;

/*!40101 SET SQL_MODE=@OLD_SQL_MODE */;
/*!40014 SET FOREIGN_KEY_CHECKS=@OLD_FOREIGN_KEY_CHECKS */;
/*!40014 SET UNIQUE_CHECKS=@OLD_UNIQUE_CHECKS */;
/*!40101 SET CHARACTER_SET_CLIENT=@OLD_CHARACTER_SET_CLIENT */;
/*!40101 SET CHARACTER_SET_RESULTS=@OLD_CHARACTER_SET_RESULTS */;
/*!40101 SET COLLATION_CONNECTION=@OLD_COLLATION_CONNECTION */;
/*!40111 SET SQL_NOTES=@OLD_SQL_NOTES */;

-- Dump completed on 2025-10-03 16:41:52
